District,Taluka,Year,Cluster
Ahmednagar District,Akole,2010,1
Ahmednagar District,Akole,2011,0
Ahmednagar District,Akole,2012,1
Ahmednagar District,Akole,2013,0
Ahmednagar District,Akole,2014,1
Ahmednagar District,Akole,2015,0
Ahmednagar District,Akole,2016,0
Ahmednagar District,Akole,2017,1
Ahmednagar District,Akole,2018,1
Ahmednagar District,Akole,2019,1
Ahmednagar District,Akole,2020,1
Ahmednagar District,Akole,2021,1
Ahmednagar District,Akole,2022,1
Ahmednagar District,Akole,2023,1
Ahmednagar District,Akole,2024,1
Ahmednagar District,Jamkhed,2010,2
Ahmednagar District,Jamkhed,2011,2
Ahmednagar District,Jamkhed,2012,2
Ahmednagar District,Jamkhed,2013,0
Ahmednagar District,Jamkhed,2014,2
Ahmednagar District,Jamkhed,2015,2
Ahmednagar District,Jamkhed,2016,1
Ahmednagar District,Jamkhed,2017,2
Ahmednagar District,Jamkhed,2018,2
Ahmednagar District,Jamkhed,2019,1
Ahmednagar District,Jamkhed,2020,1
Ahmednagar District,Jamkhed,2021,2
Ahmednagar District,Jamkhed,2022,1
Ahmednagar District,Jamkhed,2023,1
Ahmednagar District,Jamkhed,2024,0
Ahmednagar District,Karjat,2010,2
Ahmednagar District,Karjat,2011,2
Ahmednagar District,Karjat,2012,2
Ahmednagar District,Karjat,2013,2
Ahmednagar District,Karjat,2014,2
Ahmednagar District,Karjat,2015,1
Ahmednagar District,Karjat,2016,1
Ahmednagar District,Karjat,2017,2
Ahmednagar District,Karjat,2018,1
Ahmednagar District,Karjat,2019,2
Ahmednagar District,Karjat,2020,2
Ahmednagar District,Karjat,2021,2
Ahmednagar District,Karjat,2022,2
Ahmednagar District,Karjat,2023,2
Ahmednagar District,Karjat,2024,2
Ahmednagar District,Kopargaon,2010,0
Ahmednagar District,Kopargaon,2011,0
Ahmednagar District,Kopargaon,2012,0
Ahmednagar District,Kopargaon,2013,2
Ahmednagar District,Kopargaon,2014,2
Ahmednagar District,Kopargaon,2015,2
Ahmednagar District,Kopargaon,2016,2
Ahmednagar District,Kopargaon,2017,1
Ahmednagar District,Kopargaon,2018,1
Ahmednagar District,Kopargaon,2019,2
Ahmednagar District,Kopargaon,2020,1
Ahmednagar District,Kopargaon,2021,0
Ahmednagar District,Kopargaon,2022,0
Ahmednagar District,Kopargaon,2023,0
Ahmednagar District,Kopargaon,2024,1
Ahmednagar District,Nagar,2010,2
Ahmednagar District,Nagar,2011,2
Ahmednagar District,Nagar,2012,2
Ahmednagar District,Nagar,2013,2
Ahmednagar District,Nagar,2014,1
Ahmednagar District,Nagar,2015,1
Ahmednagar District,Nagar,2016,2
Ahmednagar District,Nagar,2017,1
Ahmednagar District,Nagar,2018,1
Ahmednagar District,Nagar,2019,1
Ahmednagar District,Nagar,2020,2
Ahmednagar District,Nagar,2021,1
Ahmednagar District,Nagar,2022,1
Ahmednagar District,Nagar,2023,1
Ahmednagar District,Nagar,2024,1
Ahmednagar District,Nevasa,2010,2
Ahmednagar District,Nevasa,2011,2
Ahmednagar District,Nevasa,2012,2
Ahmednagar District,Nevasa,2013,2
Ahmednagar District,Nevasa,2014,1
Ahmednagar District,Nevasa,2015,1
Ahmednagar District,Nevasa,2016,2
Ahmednagar District,Nevasa,2017,2
Ahmednagar District,Nevasa,2018,1
Ahmednagar District,Nevasa,2019,1
Ahmednagar District,Nevasa,2020,1
Ahmednagar District,Nevasa,2021,0
Ahmednagar District,Nevasa,2022,1
Ahmednagar District,Nevasa,2023,2
Ahmednagar District,Nevasa,2024,1
Ahmednagar District,Parner,2010,0
Ahmednagar District,Parner,2011,2
Ahmednagar District,Parner,2012,2
Ahmednagar District,Parner,2013,1
Ahmednagar District,Parner,2014,1
Ahmednagar District,Parner,2015,2
Ahmednagar District,Parner,2016,1
Ahmednagar District,Parner,2017,2
Ahmednagar District,Parner,2018,1
Ahmednagar District,Parner,2019,1
Ahmednagar District,Parner,2020,1
Ahmednagar District,Parner,2021,1
Ahmednagar District,Parner,2022,1
Ahmednagar District,Parner,2023,2
Ahmednagar District,Parner,2024,1
Ahmednagar District,Pathardi,2010,2
Ahmednagar District,Pathardi,2011,2
Ahmednagar District,Pathardi,2012,2
Ahmednagar District,Pathardi,2013,2
Ahmednagar District,Pathardi,2014,2
Ahmednagar District,Pathardi,2015,2
Ahmednagar District,Pathardi,2016,2
Ahmednagar District,Pathardi,2017,1
Ahmednagar District,Pathardi,2018,2
Ahmednagar District,Pathardi,2019,2
Ahmednagar District,Pathardi,2020,2
Ahmednagar District,Pathardi,2021,1
Ahmednagar District,Pathardi,2022,2
Ahmednagar District,Pathardi,2023,2
Ahmednagar District,Pathardi,2024,2
Ahmednagar District,Rahata,2010,0
Ahmednagar District,Rahata,2011,0
Ahmednagar District,Rahata,2012,0
Ahmednagar District,Rahata,2013,0
Ahmednagar District,Rahata,2014,0
Ahmednagar District,Rahata,2015,1
Ahmednagar District,Rahata,2016,1
Ahmednagar District,Rahata,2017,0
Ahmednagar District,Rahata,2018,0
Ahmednagar District,Rahata,2019,1
Ahmednagar District,Rahata,2020,0
Ahmednagar District,Rahata,2021,1
Ahmednagar District,Rahata,2022,1
Ahmednagar District,Rahata,2023,1
Ahmednagar District,Rahata,2024,1
Ahmednagar District,Sangamner,2010,2
Ahmednagar District,Sangamner,2011,0
Ahmednagar District,Sangamner,2012,0
Ahmednagar District,Sangamner,2013,0
Ahmednagar District,Sangamner,2014,0
Ahmednagar District,Sangamner,2015,0
Ahmednagar District,Sangamner,2016,0
Ahmednagar District,Sangamner,2017,1
Ahmednagar District,Sangamner,2018,1
Ahmednagar District,Sangamner,2019,1
Ahmednagar District,Sangamner,2020,1
Ahmednagar District,Sangamner,2021,0
Ahmednagar District,Sangamner,2022,1
Ahmednagar District,Sangamner,2023,1
Ahmednagar District,Sangamner,2024,1
Ahmednagar District,Shevgaon,2010,2
Ahmednagar District,Shevgaon,2011,2
Ahmednagar District,Shevgaon,2012,2
Ahmednagar District,Shevgaon,2013,2
Ahmednagar District,Shevgaon,2014,2
Ahmednagar District,Shevgaon,2015,2
Ahmednagar District,Shevgaon,2016,2
Ahmednagar District,Shevgaon,2017,2
Ahmednagar District,Shevgaon,2018,1
Ahmednagar District,Shevgaon,2019,2
Ahmednagar District,Shevgaon,2020,2
Ahmednagar District,Shevgaon,2021,2
Ahmednagar District,Shevgaon,2022,1
Ahmednagar District,Shevgaon,2023,2
Ahmednagar District,Shevgaon,2024,2
Ahmednagar District,Shrigonda,2010,2
Ahmednagar District,Shrigonda,2011,2
Ahmednagar District,Shrigonda,2012,2
Ahmednagar District,Shrigonda,2013,2
Ahmednagar District,Shrigonda,2014,2
Ahmednagar District,Shrigonda,2015,2
Ahmednagar District,Shrigonda,2016,1
Ahmednagar District,Shrigonda,2017,1
Ahmednagar District,Shrigonda,2018,2
Ahmednagar District,Shrigonda,2019,1
Ahmednagar District,Shrigonda,2020,1
Ahmednagar District,Shrigonda,2021,2
Ahmednagar District,Shrigonda,2022,2
Ahmednagar District,Shrigonda,2023,1
Ahmednagar District,Shrigonda,2024,0
Akola District,Achalpur,2010,0
Akola District,Achalpur,2011,0
Akola District,Achalpur,2012,0
Akola District,Achalpur,2013,2
Akola District,Achalpur,2014,0
Akola District,Achalpur,2015,2
Akola District,Achalpur,2016,2
Akola District,Achalpur,2017,0
Akola District,Achalpur,2018,1
Akola District,Achalpur,2019,0
Akola District,Achalpur,2020,0
Akola District,Achalpur,2021,2
Akola District,Achalpur,2022,1
Akola District,Achalpur,2023,0
Akola District,Achalpur,2024,1
Akola District,Akot,2012,0
Akola District,Balapur,2010,0
Akola District,Balapur,2011,0
Akola District,Balapur,2012,2
Akola District,Balapur,2013,1
Akola District,Balapur,2014,2
Akola District,Balapur,2015,2
Akola District,Balapur,2016,2
Akola District,Balapur,2017,2
Akola District,Balapur,2018,2
Akola District,Balapur,2019,1
Akola District,Balapur,2020,2
Akola District,Balapur,2021,2
Akola District,Balapur,2022,1
Akola District,Balapur,2023,1
Akola District,Balapur,2024,1
Akola District,Barshitakli,2010,2
Akola District,Barshitakli,2011,2
Akola District,Barshitakli,2012,2
Akola District,Barshitakli,2013,1
Akola District,Barshitakli,2014,1
Akola District,Barshitakli,2015,0
Akola District,Barshitakli,2016,2
Akola District,Barshitakli,2017,1
Akola District,Barshitakli,2018,2
Akola District,Barshitakli,2019,2
Akola District,Barshitakli,2020,0
Akola District,Barshitakli,2021,0
Akola District,Barshitakli,2022,0
Akola District,Barshitakli,2023,0
Akola District,Barshitakli,2024,0
Akola District,Murtijapur,2010,2
Akola District,Murtijapur,2011,2
Akola District,Murtijapur,2012,2
Akola District,Murtijapur,2013,1
Akola District,Murtijapur,2014,2
Akola District,Murtijapur,2015,2
Akola District,Murtijapur,2016,2
Akola District,Murtijapur,2017,2
Akola District,Murtijapur,2018,2
Akola District,Murtijapur,2019,1
Akola District,Murtijapur,2020,1
Akola District,Murtijapur,2021,2
Akola District,Murtijapur,2022,1
Akola District,Murtijapur,2023,1
Akola District,Murtijapur,2024,1
Akola District,Telharar,2010,0
Akola District,Telharar,2011,0
Akola District,Telharar,2012,0
Akola District,Telharar,2013,0
Akola District,Telharar,2014,0
Akola District,Telharar,2015,0
Akola District,Telharar,2016,0
Akola District,Telharar,2017,0
Akola District,Telharar,2018,2
Akola District,Telharar,2019,1
Akola District,Telharar,2020,2
Akola District,Telharar,2021,0
Akola District,Telharar,2022,1
Akola District,Telharar,2023,1
Akola District,Telharar,2024,1
Amravati District,Dharni,2010,0
Amravati District,Dharni,2011,0
Amravati District,Dharni,2012,0
Amravati District,Dharni,2013,0
Amravati District,Dharni,2014,0
Amravati District,Dharni,2015,0
Amravati District,Dharni,2016,0
Amravati District,Dharni,2017,0
Amravati District,Dharni,2018,0
Amravati District,Dharni,2019,0
Amravati District,Dharni,2020,0
Amravati District,Dharni,2021,0
Amravati District,Dharni,2022,1
Amravati District,Dharni,2023,1
Amravati District,Dharni,2024,0
Amravati District,Morshi,2010,0
Amravati District,Morshi,2011,0
Amravati District,Morshi,2012,0
Amravati District,Morshi,2013,2
Amravati District,Morshi,2014,2
Amravati District,Morshi,2015,2
Amravati District,Morshi,2016,2
Amravati District,Morshi,2017,2
Amravati District,Morshi,2018,2
Amravati District,Morshi,2019,2
Amravati District,Morshi,2020,1
Amravati District,Morshi,2021,2
Amravati District,Morshi,2022,2
Amravati District,Morshi,2023,2
Amravati District,Morshi,2024,2
Amravati District,Warud,2017,1
Amravati District,Warud,2018,0
Amravati District,Warud,2019,0
Amravati District,Warud,2020,1
Amravati District,Warud,2021,1
Amravati District,Warud,2022,0
Amravati District,Warud,2023,0
Amravati District,Warud,2024,0
Aurangabad District,Aurangabad,2010,2
Aurangabad District,Aurangabad,2011,2
Aurangabad District,Aurangabad,2012,2
Aurangabad District,Aurangabad,2013,2
Aurangabad District,Aurangabad,2014,2
Aurangabad District,Aurangabad,2015,2
Aurangabad District,Aurangabad,2016,2
Aurangabad District,Aurangabad,2017,1
Aurangabad District,Aurangabad,2018,1
Aurangabad District,Aurangabad,2019,1
Aurangabad District,Aurangabad,2020,1
Aurangabad District,Aurangabad,2021,1
Aurangabad District,Aurangabad,2022,2
Aurangabad District,Aurangabad,2023,1
Aurangabad District,Aurangabad,2024,2
Aurangabad District,Gangapur,2010,2
Aurangabad District,Gangapur,2011,2
Aurangabad District,Gangapur,2012,0
Aurangabad District,Gangapur,2013,0
Aurangabad District,Gangapur,2014,2
Aurangabad District,Gangapur,2015,2
Aurangabad District,Gangapur,2016,2
Aurangabad District,Gangapur,2017,1
Aurangabad District,Gangapur,2018,1
Aurangabad District,Gangapur,2019,1
Aurangabad District,Gangapur,2020,1
Aurangabad District,Gangapur,2021,1
Aurangabad District,Gangapur,2022,0
Aurangabad District,Gangapur,2023,0
Aurangabad District,Kannad,2010,0
Aurangabad District,Kannad,2011,0
Aurangabad District,Kannad,2012,0
Aurangabad District,Kannad,2013,0
Aurangabad District,Kannad,2014,2
Aurangabad District,Kannad,2015,2
Aurangabad District,Kannad,2016,1
Aurangabad District,Kannad,2017,2
Aurangabad District,Kannad,2018,2
Aurangabad District,Kannad,2019,1
Aurangabad District,Kannad,2020,2
Aurangabad District,Kannad,2021,2
Aurangabad District,Kannad,2022,1
Aurangabad District,Paithan,2010,0
Aurangabad District,Paithan,2011,0
Aurangabad District,Paithan,2012,0
Aurangabad District,Paithan,2013,0
Aurangabad District,Paithan,2014,0
Aurangabad District,Paithan,2015,0
Aurangabad District,Paithan,2016,0
Aurangabad District,Paithan,2017,0
Aurangabad District,Paithan,2018,0
Aurangabad District,Paithan,2019,0
Aurangabad District,Paithan,2020,0
Aurangabad District,Paithan,2021,1
Aurangabad District,Paithan,2022,0
Aurangabad District,Phulambri,2010,1
Aurangabad District,Phulambri,2011,1
Aurangabad District,Phulambri,2012,1
Aurangabad District,Phulambri,2013,1
Aurangabad District,Phulambri,2014,1
Aurangabad District,Phulambri,2015,1
Aurangabad District,Phulambri,2016,1
Aurangabad District,Phulambri,2017,0
Aurangabad District,Phulambri,2018,1
Aurangabad District,Phulambri,2019,1
Aurangabad District,Phulambri,2020,0
Aurangabad District,Phulambri,2021,1
Aurangabad District,Phulambri,2022,1
Aurangabad District,Phulambri,2023,0
Aurangabad District,Phulambri,2024,0
Aurangabad District,Sillod,2010,2
Aurangabad District,Sillod,2011,2
Aurangabad District,Sillod,2012,1
Aurangabad District,Sillod,2013,1
Aurangabad District,Sillod,2014,0
Aurangabad District,Sillod,2015,1
Aurangabad District,Sillod,2016,2
Aurangabad District,Sillod,2017,2
Aurangabad District,Sillod,2018,2
Aurangabad District,Sillod,2019,1
Aurangabad District,Sillod,2020,1
Aurangabad District,Sillod,2021,1
Aurangabad District,Sillod,2022,1
Aurangabad District,Soegaon,2011,0
Aurangabad District,Soegaon,2012,2
Aurangabad District,Soegaon,2013,2
Aurangabad District,Soegaon,2014,0
Aurangabad District,Soegaon,2015,1
Aurangabad District,Soegaon,2016,1
Aurangabad District,Soegaon,2017,1
Aurangabad District,Soegaon,2018,1
Aurangabad District,Soegaon,2019,1
Aurangabad District,Soegaon,2020,1
Aurangabad District,Soegaon,2021,0
Aurangabad District,Soegaon,2022,0
Aurangabad District,Vaijapur,2010,0
Aurangabad District,Vaijapur,2010,2
Aurangabad District,Vaijapur,2011,2
Aurangabad District,Vaijapur,2012,2
Aurangabad District,Vaijapur,2013,2
Aurangabad District,Vaijapur,2014,2
Aurangabad District,Vaijapur,2015,2
Aurangabad District,Vaijapur,2016,2
Aurangabad District,Vaijapur,2017,0
Aurangabad District,Vaijapur,2018,1
Aurangabad District,Vaijapur,2019,1
Aurangabad District,Vaijapur,2020,1
Aurangabad District,Vaijapur,2021,1
Aurangabad District,Vaijapur,2022,1
Aurangabad District,Vaijapur,2023,1
Beed District,Ambajogai,2010,2
Beed District,Ambajogai,2011,0
Beed District,Ambajogai,2012,2
Beed District,Ambajogai,2013,2
Beed District,Ambajogai,2014,2
Beed District,Ambajogai,2015,0
Beed District,Ambajogai,2016,1
Beed District,Ambajogai,2017,1
Beed District,Ambajogai,2018,2
Beed District,Ambajogai,2019,0
Beed District,Ambajogai,2020,1
Beed District,Ambajogai,2021,1
Beed District,Ambajogai,2022,1
Beed District,Ambajogai,2023,1
Beed District,Ambajogai,2024,1
Beed District,Ashti,2010,0
Beed District,Ashti,2011,0
Beed District,Ashti,2012,2
Beed District,Ashti,2013,2
Beed District,Ashti,2014,2
Beed District,Ashti,2015,0
Beed District,Ashti,2016,0
Beed District,Ashti,2017,1
Beed District,Ashti,2018,2
Beed District,Ashti,2019,2
Beed District,Ashti,2020,1
Beed District,Ashti,2021,1
Beed District,Ashti,2022,2
Beed District,Ashti,2023,0
Beed District,Ashti,2024,0
Beed District,Beed,2010,2
Beed District,Beed,2011,2
Beed District,Beed,2012,2
Beed District,Beed,2013,2
Beed District,Beed,2014,2
Beed District,Beed,2015,2
Beed District,Beed,2016,2
Beed District,Beed,2017,2
Beed District,Beed,2018,2
Beed District,Beed,2019,2
Beed District,Beed,2020,2
Beed District,Beed,2021,1
Beed District,Beed,2022,1
Beed District,Beed,2023,2
Beed District,Beed,2024,2
Beed District,Dharur,2010,0
Beed District,Dharur,2011,2
Beed District,Dharur,2012,1
Beed District,Dharur,2013,1
Beed District,Dharur,2014,1
Beed District,Dharur,2015,2
Beed District,Dharur,2016,2
Beed District,Dharur,2017,1
Beed District,Dharur,2018,2
Beed District,Dharur,2019,1
Beed District,Dharur,2020,0
Beed District,Dharur,2021,0
Beed District,Dharur,2022,1
Beed District,Georai,2010,2
Beed District,Georai,2011,2
Beed District,Georai,2012,2
Beed District,Georai,2013,2
Beed District,Georai,2014,2
Beed District,Georai,2015,2
Beed District,Georai,2016,2
Beed District,Georai,2017,1
Beed District,Georai,2018,2
Beed District,Georai,2019,2
Beed District,Georai,2020,0
Beed District,Georai,2021,1
Beed District,Georai,2022,0
Beed District,Georai,2023,0
Beed District,Kaij,2010,1
Beed District,Kaij,2011,1
Beed District,Kaij,2012,0
Beed District,Kaij,2013,2
Beed District,Kaij,2014,2
Beed District,Kaij,2015,1
Beed District,Kaij,2016,0
Beed District,Kaij,2017,0
Beed District,Kaij,2018,1
Beed District,Kaij,2019,2
Beed District,Kaij,2020,0
Beed District,Kaij,2021,2
Beed District,Kaij,2022,2
Beed District,Kaij,2023,2
Beed District,Kaij,2024,2
Beed District,Majalgaon,2010,0
Beed District,Majalgaon,2011,0
Beed District,Majalgaon,2012,0
Beed District,Majalgaon,2013,0
Beed District,Majalgaon,2014,0
Beed District,Majalgaon,2015,0
Beed District,Majalgaon,2016,0
Beed District,Majalgaon,2017,0
Beed District,Majalgaon,2018,0
Beed District,Majalgaon,2019,0
Beed District,Majalgaon,2020,0
Beed District,Majalgaon,2021,0
Beed District,Majalgaon,2022,0
Beed District,Majalgaon,2023,0
Beed District,Parli (Parali),2010,0
Beed District,Parli (Parali),2011,2
Beed District,Parli (Parali),2012,2
Beed District,Parli (Parali),2013,2
Beed District,Parli (Parali),2014,0
Beed District,Parli (Parali),2015,1
Beed District,Parli (Parali),2016,2
Beed District,Parli (Parali),2017,2
Beed District,Parli (Parali),2018,2
Beed District,Parli (Parali),2019,1
Beed District,Parli (Parali),2020,1
Beed District,Parli (Parali),2021,1
Beed District,Parli (Parali),2022,1
Beed District,Parli (Parali),2023,1
Beed District,Parli (Parali),2024,1
Beed District,Patoda,2010,0
Beed District,Patoda,2011,0
Beed District,Patoda,2012,0
Beed District,Patoda,2013,1
Beed District,Patoda,2014,0
Beed District,Patoda,2015,1
Beed District,Patoda,2016,1
Beed District,Patoda,2017,0
Beed District,Patoda,2018,1
Beed District,Patoda,2019,1
Beed District,Patoda,2020,0
Beed District,Patoda,2021,1
Beed District,Patoda,2022,1
Beed District,Patoda,2023,0
Beed District,Shirur Kasar,2010,1
Beed District,Shirur Kasar,2011,1
Beed District,Shirur Kasar,2012,1
Beed District,Shirur Kasar,2013,0
Beed District,Shirur Kasar,2014,0
Beed District,Shirur Kasar,2015,2
Beed District,Shirur Kasar,2016,1
Beed District,Shirur Kasar,2017,1
Beed District,Shirur Kasar,2018,2
Beed District,Shirur Kasar,2019,2
Beed District,Shirur Kasar,2020,0
Beed District,Shirur Kasar,2021,1
Beed District,Shirur Kasar,2022,1
Beed District,Wadwani,2010,2
Beed District,Wadwani,2011,2
Beed District,Wadwani,2012,2
Beed District,Wadwani,2013,2
Beed District,Wadwani,2014,0
Beed District,Wadwani,2015,2
Beed District,Wadwani,2016,2
Beed District,Wadwani,2017,2
Beed District,Wadwani,2018,2
Beed District,Wadwani,2019,2
Beed District,Wadwani,2020,0
Beed District,Wadwani,2021,0
Beed District,Wadwani,2022,2
Bhandara District,Bhandara,2010,2
Bhandara District,Bhandara,2011,1
Bhandara District,Bhandara,2012,0
Bhandara District,Bhandara,2013,0
Bhandara District,Bhandara,2014,0
Bhandara District,Bhandara,2015,2
Bhandara District,Bhandara,2016,1
Bhandara District,Bhandara,2017,0
Bhandara District,Bhandara,2018,0
Bhandara District,Bhandara,2019,0
Bhandara District,Bhandara,2020,0
Bhandara District,Bhandara,2021,0
Bhandara District,Bhandara,2022,2
Bhandara District,Bhandara,2023,2
Bhandara District,Bhandara,2024,1
Bhandara District,Lakhandur,2010,1
Bhandara District,Lakhandur,2011,0
Bhandara District,Lakhandur,2012,1
Bhandara District,Lakhandur,2013,0
Bhandara District,Lakhandur,2014,0
Bhandara District,Lakhandur,2015,1
Bhandara District,Lakhandur,2016,1
Bhandara District,Lakhandur,2017,1
Bhandara District,Lakhandur,2018,1
Bhandara District,Lakhandur,2019,0
Bhandara District,Lakhandur,2020,0
Bhandara District,Lakhandur,2021,2
Bhandara District,Lakhandur,2022,1
Bhandara District,Lakhandur,2023,0
Bhandara District,Lakhandur,2024,0
Bhandara District,Mohadi,2010,1
Bhandara District,Mohadi,2011,0
Bhandara District,Mohadi,2012,0
Bhandara District,Mohadi,2013,0
Bhandara District,Mohadi,2014,0
Bhandara District,Mohadi,2015,0
Bhandara District,Mohadi,2016,1
Bhandara District,Mohadi,2017,1
Bhandara District,Mohadi,2018,2
Bhandara District,Mohadi,2019,0
Bhandara District,Mohadi,2020,0
Bhandara District,Mohadi,2021,1
Bhandara District,Mohadi,2022,1
Bhandara District,Mohadi,2023,1
Bhandara District,Mohadi,2024,1
Bhandara District,Pauni,2010,0
Bhandara District,Pauni,2011,1
Bhandara District,Pauni,2012,0
Bhandara District,Pauni,2013,0
Bhandara District,Pauni,2014,2
Bhandara District,Pauni,2015,0
Bhandara District,Pauni,2016,2
Bhandara District,Pauni,2017,2
Bhandara District,Pauni,2018,2
Bhandara District,Pauni,2019,1
Bhandara District,Pauni,2020,0
Bhandara District,Pauni,2021,0
Bhandara District,Pauni,2022,0
Bhandara District,Pauni,2023,0
Bhandara District,Pauni,2024,1
Bhandara District,Sakoli,2010,1
Bhandara District,Sakoli,2011,2
Bhandara District,Sakoli,2012,2
Bhandara District,Sakoli,2013,2
Bhandara District,Sakoli,2014,2
Bhandara District,Sakoli,2015,2
Bhandara District,Sakoli,2016,0
Bhandara District,Sakoli,2017,2
Bhandara District,Sakoli,2018,1
Bhandara District,Sakoli,2019,0
Bhandara District,Sakoli,2020,1
Bhandara District,Sakoli,2021,0
Bhandara District,Sakoli,2022,0
Bhandara District,Sakoli,2023,0
Bhandara District,Sakoli,2024,1
Bhandara District,Tumsar,2010,0
Bhandara District,Tumsar,2011,0
Bhandara District,Tumsar,2012,0
Bhandara District,Tumsar,2013,0
Bhandara District,Tumsar,2014,1
Bhandara District,Tumsar,2015,2
Bhandara District,Tumsar,2016,2
Bhandara District,Tumsar,2017,2
Bhandara District,Tumsar,2018,2
Bhandara District,Tumsar,2019,1
Bhandara District,Tumsar,2020,0
Bhandara District,Tumsar,2021,1
Bhandara District,Tumsar,2022,1
Bhandara District,Tumsar,2023,1
Bhandara District,Tumsar,2024,1
Buldhana District,Buldhana,2010,2
Buldhana District,Buldhana,2011,2
Buldhana District,Buldhana,2012,2
Buldhana District,Buldhana,2013,2
Buldhana District,Buldhana,2014,1
Buldhana District,Buldhana,2015,1
Buldhana District,Buldhana,2016,2
Buldhana District,Buldhana,2017,1
Buldhana District,Buldhana,2018,1
Buldhana District,Buldhana,2019,1
Buldhana District,Buldhana,2020,0
Buldhana District,Buldhana,2021,2
Buldhana District,Buldhana,2022,1
Buldhana District,Buldhana,2023,0
Buldhana District,Buldhana,2024,1
Buldhana District,Chikhli,2010,1
Buldhana District,Chikhli,2011,1
Buldhana District,Chikhli,2012,1
Buldhana District,Chikhli,2013,0
Buldhana District,Chikhli,2014,1
Buldhana District,Chikhli,2015,1
Buldhana District,Chikhli,2016,1
Buldhana District,Chikhli,2017,1
Buldhana District,Chikhli,2018,1
Buldhana District,Chikhli,2019,1
Buldhana District,Chikhli,2020,0
Buldhana District,Chikhli,2021,2
Buldhana District,Chikhli,2022,1
Buldhana District,Chikhli,2023,1
Buldhana District,Chikhli,2024,1
Buldhana District,Deulgaon Raja,2010,2
Buldhana District,Deulgaon Raja,2011,2
Buldhana District,Deulgaon Raja,2012,2
Buldhana District,Deulgaon Raja,2013,2
Buldhana District,Deulgaon Raja,2014,0
Buldhana District,Deulgaon Raja,2015,2
Buldhana District,Deulgaon Raja,2016,2
Buldhana District,Deulgaon Raja,2017,2
Buldhana District,Deulgaon Raja,2018,2
Buldhana District,Deulgaon Raja,2019,2
Buldhana District,Deulgaon Raja,2020,2
Buldhana District,Deulgaon Raja,2021,2
Buldhana District,Deulgaon Raja,2022,1
Buldhana District,Deulgaon Raja,2023,1
Buldhana District,Deulgaon Raja,2024,1
Buldhana District,Jalgaon (Jamod),2010,0
Buldhana District,Jalgaon (Jamod),2011,0
Buldhana District,Jalgaon (Jamod),2012,0
Buldhana District,Jalgaon (Jamod),2013,2
Buldhana District,Jalgaon (Jamod),2014,0
Buldhana District,Jalgaon (Jamod),2015,0
Buldhana District,Jalgaon (Jamod),2016,1
Buldhana District,Jalgaon (Jamod),2017,2
Buldhana District,Jalgaon (Jamod),2018,2
Buldhana District,Jalgaon (Jamod),2019,2
Buldhana District,Jalgaon (Jamod),2020,1
Buldhana District,Jalgaon (Jamod),2021,1
Buldhana District,Jalgaon (Jamod),2022,0
Buldhana District,Jalgaon (Jamod),2023,0
Buldhana District,Khamgaon,2011,2
Buldhana District,Khamgaon,2012,2
Buldhana District,Khamgaon,2013,2
Buldhana District,Khamgaon,2014,2
Buldhana District,Khamgaon,2015,2
Buldhana District,Khamgaon,2016,2
Buldhana District,Khamgaon,2017,2
Buldhana District,Khamgaon,2018,1
Buldhana District,Khamgaon,2019,1
Buldhana District,Khamgaon,2020,0
Buldhana District,Khamgaon,2021,2
Buldhana District,Khamgaon,2022,1
Buldhana District,Khamgaon,2023,0
Buldhana District,Khamgaon,2024,1
Buldhana District,Lonar,2010,1
Buldhana District,Lonar,2011,2
Buldhana District,Lonar,2012,2
Buldhana District,Lonar,2013,2
Buldhana District,Lonar,2014,0
Buldhana District,Lonar,2015,2
Buldhana District,Lonar,2016,2
Buldhana District,Lonar,2017,1
Buldhana District,Lonar,2018,1
Buldhana District,Lonar,2019,1
Buldhana District,Lonar,2020,1
Buldhana District,Lonar,2021,2
Buldhana District,Lonar,2022,0
Buldhana District,Lonar,2023,0
Buldhana District,Lonar,2024,0
Buldhana District,Malkapur,2010,2
Buldhana District,Malkapur,2011,2
Buldhana District,Malkapur,2012,0
Buldhana District,Malkapur,2013,1
Buldhana District,Malkapur,2014,0
Buldhana District,Malkapur,2015,0
Buldhana District,Malkapur,2016,0
Buldhana District,Malkapur,2017,1
Buldhana District,Malkapur,2018,1
Buldhana District,Malkapur,2019,1
Buldhana District,Malkapur,2020,0
Buldhana District,Malkapur,2021,1
Buldhana District,Malkapur,2022,1
Buldhana District,Malkapur,2023,1
Buldhana District,Malkapur,2024,1
Buldhana District,Mehkar,2010,2
Buldhana District,Mehkar,2011,2
Buldhana District,Mehkar,2012,2
Buldhana District,Mehkar,2013,0
Buldhana District,Mehkar,2014,2
Buldhana District,Mehkar,2015,2
Buldhana District,Mehkar,2016,2
Buldhana District,Mehkar,2017,2
Buldhana District,Mehkar,2018,2
Buldhana District,Mehkar,2019,1
Buldhana District,Mehkar,2020,1
Buldhana District,Mehkar,2021,2
Buldhana District,Mehkar,2022,1
Buldhana District,Mehkar,2023,2
Buldhana District,Mehkar,2024,2
Buldhana District,Motala,2010,0
Buldhana District,Motala,2011,0
Buldhana District,Motala,2012,0
Buldhana District,Motala,2013,1
Buldhana District,Motala,2014,0
Buldhana District,Motala,2015,1
Buldhana District,Motala,2016,1
Buldhana District,Motala,2017,1
Buldhana District,Motala,2018,1
Buldhana District,Motala,2019,1
Buldhana District,Motala,2020,0
Buldhana District,Motala,2021,1
Buldhana District,Motala,2022,1
Buldhana District,Motala,2023,0
Buldhana District,Nandura,2010,0
Buldhana District,Nandura,2011,0
Buldhana District,Nandura,2012,0
Buldhana District,Nandura,2013,0
Buldhana District,Nandura,2014,0
Buldhana District,Nandura,2015,0
Buldhana District,Nandura,2016,0
Buldhana District,Nandura,2017,1
Buldhana District,Nandura,2018,1
Buldhana District,Nandura,2019,1
Buldhana District,Nandura,2020,1
Buldhana District,Nandura,2021,1
Buldhana District,Nandura,2022,0
Buldhana District,Nandura,2023,1
Buldhana District,Sangrampur,2010,0
Buldhana District,Sangrampur,2011,0
Buldhana District,Sangrampur,2012,0
Buldhana District,Sangrampur,2013,0
Buldhana District,Sangrampur,2014,0
Buldhana District,Sangrampur,2015,0
Buldhana District,Sangrampur,2016,0
Buldhana District,Sangrampur,2017,2
Buldhana District,Sangrampur,2018,2
Buldhana District,Sangrampur,2019,2
Buldhana District,Sangrampur,2020,0
Buldhana District,Sangrampur,2021,1
Buldhana District,Sangrampur,2022,0
Buldhana District,Sangrampur,2023,0
Buldhana District,Sangrampur,2024,1
Buldhana District,Shegaon,2010,1
Buldhana District,Shegaon,2011,1
Buldhana District,Shegaon,2012,1
Buldhana District,Shegaon,2013,2
Buldhana District,Shegaon,2014,1
Buldhana District,Shegaon,2015,0
Buldhana District,Shegaon,2016,2
Buldhana District,Shegaon,2017,2
Buldhana District,Shegaon,2018,2
Buldhana District,Shegaon,2019,1
Buldhana District,Shegaon,2020,1
Buldhana District,Shegaon,2021,1
Buldhana District,Shegaon,2022,2
Buldhana District,Shegaon,2023,0
Buldhana District,Shegaon,2024,0
Buldhana District,Sindkhed Raja,2010,0
Buldhana District,Sindkhed Raja,2011,2
Buldhana District,Sindkhed Raja,2012,2
Buldhana District,Sindkhed Raja,2013,2
Buldhana District,Sindkhed Raja,2014,1
Buldhana District,Sindkhed Raja,2015,1
Buldhana District,Sindkhed Raja,2016,2
Buldhana District,Sindkhed Raja,2017,1
Buldhana District,Sindkhed Raja,2018,1
Buldhana District,Sindkhed Raja,2019,2
Buldhana District,Sindkhed Raja,2020,2
Buldhana District,Sindkhed Raja,2021,1
Buldhana District,Sindkhed Raja,2022,1
Buldhana District,Sindkhed Raja,2023,0
Buldhana District,Sindkhed Raja,2024,0
Dhule District,Dhule,2010,0
Dhule District,Dhule,2011,2
Dhule District,Dhule,2012,2
Dhule District,Dhule,2013,2
Dhule District,Dhule,2014,2
Dhule District,Dhule,2015,1
Dhule District,Dhule,2016,1
Dhule District,Dhule,2017,1
Dhule District,Dhule,2018,2
Dhule District,Dhule,2019,1
Dhule District,Dhule,2020,1
Dhule District,Dhule,2021,1
Dhule District,Dhule,2022,1
Dhule District,Dhule,2023,1
Dhule District,Dhule,2024,1
Dhule District,Sakri,2010,0
Dhule District,Sakri,2011,2
Dhule District,Sakri,2012,2
Dhule District,Sakri,2013,2
Dhule District,Sakri,2014,2
Dhule District,Sakri,2015,2
Dhule District,Sakri,2016,2
Dhule District,Sakri,2017,2
Dhule District,Sakri,2018,1
Dhule District,Sakri,2019,2
Dhule District,Sakri,2020,2
Dhule District,Sakri,2021,2
Dhule District,Sakri,2022,2
Dhule District,Sakri,2023,2
Dhule District,Sakri,2024,1
Dhule District,Shirpur,2010,1
Dhule District,Shirpur,2011,0
Dhule District,Shirpur,2012,0
Dhule District,Shirpur,2013,1
Dhule District,Shirpur,2014,0
Dhule District,Shirpur,2015,0
Dhule District,Shirpur,2016,2
Dhule District,Shirpur,2017,1
Dhule District,Shirpur,2018,0
Dhule District,Shirpur,2019,0
Dhule District,Shirpur,2020,1
Dhule District,Shirpur,2021,0
Dhule District,Shirpur,2022,1
Dhule District,Shirpur,2023,1
Dhule District,Shirpur,2024,1
Dhule District,Sindkheda,2010,1
Dhule District,Sindkheda,2011,0
Dhule District,Sindkheda,2012,0
Dhule District,Sindkheda,2013,1
Dhule District,Sindkheda,2015,1
Dhule District,Sindkheda,2016,1
Dhule District,Sindkheda,2017,1
Dhule District,Sindkheda,2018,1
Dhule District,Sindkheda,2019,0
Dhule District,Sindkheda,2020,1
Dhule District,Sindkheda,2021,1
Dhule District,Sindkheda,2022,1
Dhule District,Sindkheda,2023,0
Dhule District,Sindkheda,2024,1
Hingoli District,Aundha Nagnath,2010,0
Hingoli District,Aundha Nagnath,2011,2
Hingoli District,Aundha Nagnath,2012,2
Hingoli District,Aundha Nagnath,2013,2
Hingoli District,Aundha Nagnath,2014,2
Hingoli District,Aundha Nagnath,2015,2
Hingoli District,Aundha Nagnath,2016,2
Hingoli District,Aundha Nagnath,2017,2
Hingoli District,Aundha Nagnath,2018,2
Hingoli District,Aundha Nagnath,2019,2
Hingoli District,Aundha Nagnath,2020,2
Hingoli District,Aundha Nagnath,2021,2
Hingoli District,Aundha Nagnath,2022,1
Hingoli District,Aundha Nagnath,2023,1
Hingoli District,Aundha Nagnath,2024,1
Jalgaon District,Amalner,2010,2
Jalgaon District,Amalner,2011,0
Jalgaon District,Amalner,2012,0
Jalgaon District,Amalner,2013,2
Jalgaon District,Amalner,2014,2
Jalgaon District,Amalner,2015,2
Jalgaon District,Amalner,2016,2
Jalgaon District,Amalner,2017,1
Jalgaon District,Amalner,2018,1
Jalgaon District,Amalner,2019,1
Jalgaon District,Amalner,2020,1
Jalgaon District,Amalner,2021,1
Jalgaon District,Amalner,2022,1
Jalgaon District,Amalner,2023,1
Jalgaon District,Amalner,2024,1
Jalgaon District,Bhadgaon,2010,2
Jalgaon District,Bhadgaon,2011,2
Jalgaon District,Bhadgaon,2012,2
Jalgaon District,Bhadgaon,2013,2
Jalgaon District,Bhadgaon,2014,0
Jalgaon District,Bhadgaon,2015,2
Jalgaon District,Bhadgaon,2016,2
Jalgaon District,Bhadgaon,2017,2
Jalgaon District,Bhadgaon,2018,2
Jalgaon District,Bhadgaon,2019,1
Jalgaon District,Bhadgaon,2020,1
Jalgaon District,Bhadgaon,2021,0
Jalgaon District,Bhadgaon,2022,1
Jalgaon District,Bhadgaon,2023,2
Jalgaon District,Bhadgaon,2024,1
Jalgaon District,Bodvad,2010,1
Jalgaon District,Bodvad,2011,1
Jalgaon District,Bodvad,2012,1
Jalgaon District,Bodvad,2013,0
Jalgaon District,Bodvad,2014,1
Jalgaon District,Bodvad,2015,1
Jalgaon District,Bodvad,2016,0
Jalgaon District,Bodvad,2017,2
Jalgaon District,Bodvad,2018,2
Jalgaon District,Bodvad,2019,1
Jalgaon District,Bodvad,2020,1
Jalgaon District,Bodvad,2021,1
Jalgaon District,Bodvad,2022,1
Jalgaon District,Bodvad,2023,1
Jalgaon District,Bodvad,2024,0
Jalgaon District,Chalisgaon,2010,2
Jalgaon District,Chalisgaon,2011,2
Jalgaon District,Chalisgaon,2012,2
Jalgaon District,Chalisgaon,2013,2
Jalgaon District,Chalisgaon,2014,0
Jalgaon District,Chalisgaon,2015,0
Jalgaon District,Chalisgaon,2016,2
Jalgaon District,Chalisgaon,2017,0
Jalgaon District,Chalisgaon,2018,1
Jalgaon District,Chalisgaon,2019,1
Jalgaon District,Chalisgaon,2020,0
Jalgaon District,Chalisgaon,2021,1
Jalgaon District,Chalisgaon,2022,1
Jalgaon District,Chalisgaon,2023,1
Jalgaon District,Chalisgaon,2024,2
Jalgaon District,Chopda,2010,0
Jalgaon District,Chopda,2011,1
Jalgaon District,Chopda,2012,0
Jalgaon District,Chopda,2013,0
Jalgaon District,Chopda,2014,0
Jalgaon District,Chopda,2015,0
Jalgaon District,Chopda,2016,0
Jalgaon District,Chopda,2017,0
Jalgaon District,Chopda,2018,1
Jalgaon District,Chopda,2019,1
Jalgaon District,Chopda,2020,1
Jalgaon District,Chopda,2021,1
Jalgaon District,Chopda,2022,1
Jalgaon District,Chopda,2023,1
Jalgaon District,Chopda,2024,2
Jalgaon District,Dharangaon,2010,2
Jalgaon District,Dharangaon,2011,1
Jalgaon District,Dharangaon,2012,2
Jalgaon District,Dharangaon,2013,1
Jalgaon District,Dharangaon,2014,0
Jalgaon District,Dharangaon,2015,0
Jalgaon District,Dharangaon,2016,0
Jalgaon District,Dharangaon,2017,1
Jalgaon District,Dharangaon,2018,1
Jalgaon District,Dharangaon,2019,1
Jalgaon District,Dharangaon,2020,1
Jalgaon District,Dharangaon,2021,1
Jalgaon District,Dharangaon,2022,1
Jalgaon District,Dharangaon,2023,2
Jalgaon District,Dharangaon,2024,1
Jalgaon District,Erandol,2010,2
Jalgaon District,Erandol,2011,2
Jalgaon District,Erandol,2012,2
Jalgaon District,Erandol,2013,2
Jalgaon District,Erandol,2014,2
Jalgaon District,Erandol,2015,0
Jalgaon District,Erandol,2016,0
Jalgaon District,Erandol,2017,1
Jalgaon District,Erandol,2018,1
Jalgaon District,Erandol,2019,2
Jalgaon District,Erandol,2020,2
Jalgaon District,Erandol,2021,1
Jalgaon District,Erandol,2022,1
Jalgaon District,Erandol,2023,2
Jalgaon District,Erandol,2024,1
Jalgaon District,Jalgaon,2010,2
Jalgaon District,Jalgaon,2011,2
Jalgaon District,Jalgaon,2012,2
Jalgaon District,Jalgaon,2013,0
Jalgaon District,Jalgaon,2014,2
Jalgaon District,Jalgaon,2015,2
Jalgaon District,Jalgaon,2016,2
Jalgaon District,Jalgaon,2017,2
Jalgaon District,Jalgaon,2018,2
Jalgaon District,Jalgaon,2019,2
Jalgaon District,Jalgaon,2020,2
Jalgaon District,Jalgaon,2021,1
Jalgaon District,Jalgaon,2022,1
Jalgaon District,Jalgaon,2023,2
Jalgaon District,Jalgaon,2024,1
Jalgaon District,Jamner,2010,1
Jalgaon District,Jamner,2011,2
Jalgaon District,Jamner,2012,2
Jalgaon District,Jamner,2013,2
Jalgaon District,Jamner,2014,2
Jalgaon District,Jamner,2015,2
Jalgaon District,Jamner,2016,2
Jalgaon District,Jamner,2017,1
Jalgaon District,Jamner,2018,1
Jalgaon District,Jamner,2019,2
Jalgaon District,Jamner,2020,0
Jalgaon District,Jamner,2021,1
Jalgaon District,Jamner,2022,1
Jalgaon District,Jamner,2023,1
Jalgaon District,Jamner,2024,1
Jalgaon District,Muktainagar,2010,2
Jalgaon District,Muktainagar,2011,2
Jalgaon District,Muktainagar,2012,2
Jalgaon District,Muktainagar,2013,2
Jalgaon District,Muktainagar,2014,1
Jalgaon District,Muktainagar,2015,2
Jalgaon District,Muktainagar,2016,2
Jalgaon District,Muktainagar,2017,1
Jalgaon District,Muktainagar,2018,2
Jalgaon District,Muktainagar,2019,2
Jalgaon District,Muktainagar,2020,1
Jalgaon District,Muktainagar,2021,1
Jalgaon District,Muktainagar,2022,1
Jalgaon District,Muktainagar,2023,2
Jalgaon District,Muktainagar,2024,1
Jalgaon District,Pachora,2010,2
Jalgaon District,Pachora,2011,2
Jalgaon District,Pachora,2012,2
Jalgaon District,Pachora,2013,2
Jalgaon District,Pachora,2014,1
Jalgaon District,Pachora,2015,2
Jalgaon District,Pachora,2016,1
Jalgaon District,Pachora,2017,1
Jalgaon District,Pachora,2018,2
Jalgaon District,Pachora,2019,1
Jalgaon District,Pachora,2020,1
Jalgaon District,Pachora,2021,1
Jalgaon District,Pachora,2022,1
Jalgaon District,Pachora,2023,1
Jalgaon District,Pachora,2024,1
Jalgaon District,Parola,2010,0
Jalgaon District,Parola,2011,2
Jalgaon District,Parola,2012,2
Jalgaon District,Parola,2013,0
Jalgaon District,Parola,2014,0
Jalgaon District,Parola,2015,2
Jalgaon District,Parola,2016,2
Jalgaon District,Parola,2017,2
Jalgaon District,Parola,2018,2
Jalgaon District,Parola,2019,1
Jalgaon District,Parola,2020,2
Jalgaon District,Parola,2021,1
Jalgaon District,Parola,2022,1
Jalgaon District,Parola,2023,0
Jalgaon District,Parola,2024,0
Jalgaon District,Raver,2010,2
Jalgaon District,Raver,2011,0
Jalgaon District,Raver,2012,0
Jalgaon District,Raver,2013,2
Jalgaon District,Raver,2014,0
Jalgaon District,Raver,2015,0
Jalgaon District,Raver,2016,0
Jalgaon District,Raver,2017,2
Jalgaon District,Raver,2018,0
Jalgaon District,Raver,2019,1
Jalgaon District,Raver,2020,0
Jalgaon District,Raver,2021,2
Jalgaon District,Raver,2022,1
Jalgaon District,Raver,2023,0
Jalgaon District,Raver,2024,2
Jalgaon District,Yawal,2010,0
Jalgaon District,Yawal,2011,0
Jalgaon District,Yawal,2012,0
Jalgaon District,Yawal,2013,1
Jalgaon District,Yawal,2014,0
Jalgaon District,Yawal,2015,0
Jalgaon District,Yawal,2016,1
Jalgaon District,Yawal,2017,0
Jalgaon District,Yawal,2018,0
Jalgaon District,Yawal,2019,1
Jalgaon District,Yawal,2020,0
Jalgaon District,Yawal,2021,0
Jalgaon District,Yawal,2022,0
Jalgaon District,Yawal,2023,0
Jalgaon District,Yawal,2024,0
Jalna District,Ambad,2010,2
Jalna District,Ambad,2011,2
Jalna District,Ambad,2012,2
Jalna District,Ambad,2013,2
Jalna District,Ambad,2014,2
Jalna District,Ambad,2015,2
Jalna District,Ambad,2016,2
Jalna District,Ambad,2017,2
Jalna District,Ambad,2018,2
Jalna District,Ambad,2019,2
Jalna District,Ambad,2020,0
Jalna District,Ambad,2021,2
Jalna District,Ambad,2022,1
Jalna District,Ambad,2023,2
Jalna District,Ambad,2024,2
Jalna District,Badnapur,2017,0
Jalna District,Badnapur,2018,1
Jalna District,Badnapur,2019,1
Jalna District,Badnapur,2020,1
Jalna District,Badnapur,2021,0
Jalna District,Badnapur,2022,0
Jalna District,Badnapur,2023,0
Jalna District,Badnapur,2024,0
Jalna District,Badnapur,2010,0
Jalna District,Bhokardan,2017,0
Jalna District,Bhokardan,2018,0
Jalna District,Bhokardan,2019,1
Jalna District,Bhokardan,2020,1
Jalna District,Bhokardan,2021,1
Jalna District,Bhokardan,2022,1
Jalna District,Bhokardan,2023,1
Jalna District,Bhokardan,2024,1
Jalna District,Ghansawangi,2010,0
Jalna District,Ghansawangi,2011,0
Jalna District,Ghansawangi,2012,0
Jalna District,Ghansawangi,2013,0
Jalna District,Ghansawangi,2014,2
Jalna District,Ghansawangi,2015,2
Jalna District,Ghansawangi,2016,2
Jalna District,Ghansawangi,2017,2
Jalna District,Ghansawangi,2018,2
Jalna District,Ghansawangi,2019,2
Jalna District,Ghansawangi,2020,2
Jalna District,Ghansawangi,2021,0
Jalna District,Ghansawangi,2022,2
Jalna District,Ghansawangi,2023,2
Jalna District,Ghansawangi,2024,2
Jalna District,Jafrabad (Jafferabad),2010,0
Jalna District,Jafrabad (Jafferabad),2011,0
Jalna District,Jafrabad (Jafferabad),2012,2
Jalna District,Jafrabad (Jafferabad),2013,2
Jalna District,Jafrabad (Jafferabad),2014,0
Jalna District,Jafrabad (Jafferabad),2015,2
Jalna District,Jafrabad (Jafferabad),2016,2
Jalna District,Jafrabad (Jafferabad),2017,2
Jalna District,Jafrabad (Jafferabad),2018,2
Jalna District,Jafrabad (Jafferabad),2019,1
Jalna District,Jafrabad (Jafferabad),2020,0
Jalna District,Jafrabad (Jafferabad),2021,1
Jalna District,Jafrabad (Jafferabad),2022,2
Jalna District,Jafrabad (Jafferabad),2023,0
Jalna District,Jafrabad (Jafferabad),2024,0
Jalna District,Jalna,2010,2
Jalna District,Jalna,2011,2
Jalna District,Jalna,2012,2
Jalna District,Jalna,2013,2
Jalna District,Jalna,2014,2
Jalna District,Jalna,2015,2
Jalna District,Jalna,2016,2
Jalna District,Jalna,2017,2
Jalna District,Jalna,2018,2
Jalna District,Jalna,2019,1
Jalna District,Jalna,2020,1
Jalna District,Jalna,2021,2
Jalna District,Jalna,2022,1
Jalna District,Jalna,2023,2
Jalna District,Jalna,2024,1
Jalna District,Mantha,2010,0
Jalna District,Mantha,2011,2
Jalna District,Mantha,2012,2
Jalna District,Mantha,2013,2
Jalna District,Mantha,2014,2
Jalna District,Mantha,2015,2
Jalna District,Mantha,2016,2
Jalna District,Mantha,2017,1
Jalna District,Mantha,2018,1
Jalna District,Mantha,2019,2
Jalna District,Mantha,2020,0
Jalna District,Mantha,2021,2
Jalna District,Mantha,2022,1
Jalna District,Mantha,2023,1
Jalna District,Mantha,2024,1
Jalna District,Partur,2020,2
Jalna District,Partur,2021,0
Jalna District,Partur,2022,0
Jalna District,Partur,2023,1
Jalna District,Partur,2024,1
Kolhapur District,Ajra,2010,0
Kolhapur District,Ajra,2011,1
Kolhapur District,Ajra,2012,1
Kolhapur District,Ajra,2013,1
Kolhapur District,Ajra,2014,1
Kolhapur District,Ajra,2015,1
Kolhapur District,Ajra,2016,2
Kolhapur District,Ajra,2017,1
Kolhapur District,Ajra,2018,0
Kolhapur District,Ajra,2019,0
Kolhapur District,Ajra,2020,0
Kolhapur District,Ajra,2021,1
Kolhapur District,Ajra,2022,0
Kolhapur District,Ajra,2023,0
Kolhapur District,Ajra,2024,0
Kolhapur District,Bhudargad,2010,2
Kolhapur District,Bhudargad,2011,2
Kolhapur District,Bhudargad,2012,2
Kolhapur District,Bhudargad,2013,1
Kolhapur District,Bhudargad,2014,1
Kolhapur District,Bhudargad,2015,1
Kolhapur District,Bhudargad,2016,2
Kolhapur District,Bhudargad,2017,1
Kolhapur District,Bhudargad,2018,0
Kolhapur District,Bhudargad,2019,0
Kolhapur District,Bhudargad,2020,0
Kolhapur District,Bhudargad,2021,1
Kolhapur District,Bhudargad,2022,1
Kolhapur District,Bhudargad,2023,1
Kolhapur District,Bhudargad,2024,1
Kolhapur District,chandgad,2010,0
Kolhapur District,chandgad,2011,2
Kolhapur District,chandgad,2012,2
Kolhapur District,chandgad,2013,2
Kolhapur District,chandgad,2014,1
Kolhapur District,chandgad,2015,2
Kolhapur District,chandgad,2016,2
Kolhapur District,chandgad,2017,2
Kolhapur District,chandgad,2018,0
Kolhapur District,chandgad,2019,0
Kolhapur District,chandgad,2020,0
Kolhapur District,chandgad,2021,1
Kolhapur District,chandgad,2022,2
Kolhapur District,chandgad,2023,2
Kolhapur District,chandgad,2024,2
Kolhapur District,Gadhinglaj,2010,0
Kolhapur District,Gadhinglaj,2011,0
Kolhapur District,Gadhinglaj,2012,0
Kolhapur District,Gadhinglaj,2013,0
Kolhapur District,Gadhinglaj,2014,0
Kolhapur District,Gadhinglaj,2015,2
Kolhapur District,Gadhinglaj,2016,1
Kolhapur District,Gadhinglaj,2017,1
Kolhapur District,Gadhinglaj,2018,0
Kolhapur District,Gadhinglaj,2019,1
Kolhapur District,Gadhinglaj,2020,0
Kolhapur District,Gadhinglaj,2021,1
Kolhapur District,Gadhinglaj,2022,1
Kolhapur District,Gadhinglaj,2023,1
Kolhapur District,Gadhinglaj,2024,1
Kolhapur District,Kagal,2010,2
Kolhapur District,Kagal,2011,2
Kolhapur District,Kagal,2012,2
Kolhapur District,Kagal,2013,0
Kolhapur District,Kagal,2014,2
Kolhapur District,Kagal,2015,1
Kolhapur District,Kagal,2016,2
Kolhapur District,Kagal,2017,2
Kolhapur District,Kagal,2018,1
Kolhapur District,Kagal,2019,1
Kolhapur District,Kagal,2020,1
Kolhapur District,Kagal,2021,0
Kolhapur District,Kagal,2022,1
Kolhapur District,Kagal,2023,1
Kolhapur District,Kagal,2024,1
Kolhapur District,Panhala,2010,0
Kolhapur District,Panhala,2011,0
Kolhapur District,Panhala,2012,0
Kolhapur District,Panhala,2013,2
Kolhapur District,Panhala,2014,1
Kolhapur District,Panhala,2015,2
Kolhapur District,Panhala,2016,1
Kolhapur District,Panhala,2017,2
Kolhapur District,Panhala,2018,2
Kolhapur District,Panhala,2019,1
Kolhapur District,Panhala,2020,1
Kolhapur District,Panhala,2021,0
Kolhapur District,Panhala,2022,1
Kolhapur District,Panhala,2023,1
Kolhapur District,Panhala,2024,1
Kolhapur District,Radhanagari,2010,0
Kolhapur District,Radhanagari,2011,0
Kolhapur District,Radhanagari,2012,0
Kolhapur District,Radhanagari,2013,0
Kolhapur District,Radhanagari,2014,0
Kolhapur District,Radhanagari,2015,0
Kolhapur District,Radhanagari,2016,2
Kolhapur District,Radhanagari,2017,1
Kolhapur District,Radhanagari,2018,0
Kolhapur District,Radhanagari,2019,1
Kolhapur District,Radhanagari,2020,1
Kolhapur District,Radhanagari,2021,1
Kolhapur District,Radhanagari,2022,0
Kolhapur District,Radhanagari,2023,0
Kolhapur District,Radhanagari,2024,0
Kolhapur District,Shahuwadi,2010,0
Kolhapur District,Shahuwadi,2011,2
Kolhapur District,Shahuwadi,2012,2
Kolhapur District,Shahuwadi,2013,0
Kolhapur District,Shahuwadi,2014,2
Kolhapur District,Shahuwadi,2015,2
Kolhapur District,Shahuwadi,2016,2
Kolhapur District,Shahuwadi,2017,1
Kolhapur District,Shahuwadi,2018,0
Kolhapur District,Shahuwadi,2019,1
Kolhapur District,Shahuwadi,2020,1
Kolhapur District,Shahuwadi,2021,1
Kolhapur District,Shahuwadi,2022,1
Kolhapur District,Shahuwadi,2023,1
Kolhapur District,Shahuwadi,2024,0
Latur District,Ahmadpur,2010,0
Latur District,Ahmadpur,2011,0
Latur District,Ahmadpur,2012,0
Latur District,Ahmadpur,2013,2
Latur District,Ahmadpur,2014,2
Latur District,Ahmadpur,2015,2
Latur District,Ahmadpur,2016,2
Latur District,Ahmadpur,2017,2
Latur District,Ahmadpur,2018,2
Latur District,Ahmadpur,2019,1
Latur District,Ahmadpur,2020,0
Latur District,Ahmadpur,2021,1
Latur District,Ahmadpur,2022,1
Latur District,Ahmadpur,2023,1
Latur District,Ahmadpur,2024,1
Latur District,Chakur,2010,0
Latur District,Chakur,2011,0
Latur District,Chakur,2012,0
Latur District,Chakur,2013,2
Latur District,Chakur,2014,0
Latur District,Chakur,2015,1
Latur District,Chakur,2016,0
Latur District,Chakur,2017,2
Latur District,Chakur,2018,2
Latur District,Chakur,2019,1
Latur District,Chakur,2020,0
Latur District,Chakur,2021,0
Latur District,Chakur,2022,0
Latur District,Chakur,2023,0
Latur District,Chakur,2024,0
Latur District,Deoni,2010,2
Latur District,Deoni,2011,2
Latur District,Deoni,2012,1
Latur District,Deoni,2013,1
Latur District,Deoni,2014,0
Latur District,Deoni,2015,0
Latur District,Deoni,2016,1
Latur District,Deoni,2017,2
Latur District,Deoni,2018,2
Latur District,Deoni,2019,1
Latur District,Deoni,2020,1
Latur District,Deoni,2021,1
Latur District,Deoni,2022,1
Latur District,Deoni,2023,1
Latur District,Deoni,2024,2
Latur District,Latur,2010,1
Latur District,Latur,2011,2
Latur District,Latur,2012,2
Latur District,Latur,2013,2
Latur District,Latur,2014,2
Latur District,Latur,2015,2
Latur District,Latur,2016,2
Latur District,Latur,2017,2
Latur District,Latur,2018,1
Latur District,Latur,2019,1
Latur District,Latur,2020,1
Latur District,Latur,2021,1
Latur District,Latur,2022,1
Latur District,Latur,2023,1
Latur District,Latur,2024,2
Latur District,Nilanga,2010,0
Latur District,Nilanga,2011,0
Latur District,Nilanga,2012,1
Latur District,Nilanga,2013,1
Latur District,Nilanga,2014,2
Latur District,Nilanga,2015,1
Latur District,Nilanga,2016,2
Latur District,Nilanga,2017,1
Latur District,Nilanga,2018,1
Latur District,Nilanga,2019,1
Latur District,Nilanga,2020,1
Latur District,Nilanga,2021,1
Latur District,Nilanga,2022,1
Latur District,Nilanga,2023,1
Latur District,Nilanga,2024,1
Latur District,Renapur,2010,0
Latur District,Renapur,2011,1
Latur District,Renapur,2012,1
Latur District,Renapur,2013,1
Latur District,Renapur,2014,0
Latur District,Renapur,2015,1
Latur District,Renapur,2016,0
Latur District,Renapur,2017,1
Latur District,Renapur,2018,0
Latur District,Renapur,2019,1
Latur District,Renapur,2020,1
Latur District,Renapur,2021,1
Latur District,Renapur,2022,1
Latur District,Renapur,2023,0
Latur District,Shirur-Anantpal,2010,0
Latur District,Shirur-Anantpal,2011,0
Latur District,Shirur-Anantpal,2012,0
Latur District,Shirur-Anantpal,2013,1
Latur District,Shirur-Anantpal,2014,0
Latur District,Shirur-Anantpal,2015,1
Latur District,Shirur-Anantpal,2016,0
Latur District,Shirur-Anantpal,2017,1
Latur District,Shirur-Anantpal,2018,1
Latur District,Shirur-Anantpal,2019,1
Latur District,Shirur-Anantpal,2020,0
Latur District,Shirur-Anantpal,2021,1
Latur District,Shirur-Anantpal,2022,0
Latur District,Shirur-Anantpal,2023,0
Latur District,Shirur-Anantpal,2024,0
Latur District,Udgir,2010,2
Latur District,Udgir,2011,2
Latur District,Udgir,2012,2
Latur District,Udgir,2013,2
Latur District,Udgir,2014,2
Latur District,Udgir,2015,2
Latur District,Udgir,2016,2
Latur District,Udgir,2017,2
Latur District,Udgir,2018,2
Latur District,Udgir,2019,2
Latur District,Udgir,2020,1
Latur District,Udgir,2021,1
Latur District,Udgir,2022,2
Latur District,Udgir,2023,2
Latur District,Udgir,2024,2
Nagpur District,Bhiwapur,2010,1
Nagpur District,Bhiwapur,2011,1
Nagpur District,Bhiwapur,2012,1
Nagpur District,Bhiwapur,2013,1
Nagpur District,Bhiwapur,2014,2
Nagpur District,Bhiwapur,2015,1
Nagpur District,Bhiwapur,2016,1
Nagpur District,Bhiwapur,2017,0
Nagpur District,Bhiwapur,2018,0
Nagpur District,Bhiwapur,2019,1
Nagpur District,Bhiwapur,2020,0
Nagpur District,Bhiwapur,2021,0
Nagpur District,Bhiwapur,2022,0
Nagpur District,Bhiwapur,2023,0
Nagpur District,Bhiwapur,2024,0
Nagpur District,Hingna,2010,1
Nagpur District,Hingna,2011,0
Nagpur District,Hingna,2012,0
Nagpur District,Hingna,2013,0
Nagpur District,Hingna,2014,1
Nagpur District,Hingna,2015,1
Nagpur District,Hingna,2016,2
Nagpur District,Hingna,2017,1
Nagpur District,Hingna,2018,1
Nagpur District,Hingna,2019,1
Nagpur District,Hingna,2020,0
Nagpur District,Hingna,2021,0
Nagpur District,Hingna,2022,1
Nagpur District,Hingna,2023,1
Nagpur District,Hingna,2024,1
Nagpur District,Kalameshwar,2010,0
Nagpur District,Kalameshwar,2011,1
Nagpur District,Kalameshwar,2012,0
Nagpur District,Kalameshwar,2013,0
Nagpur District,Kalameshwar,2014,1
Nagpur District,Kalameshwar,2015,1
Nagpur District,Kalameshwar,2016,1
Nagpur District,Kalameshwar,2017,1
Nagpur District,Kalameshwar,2018,1
Nagpur District,Kalameshwar,2019,1
Nagpur District,Kalameshwar,2020,0
Nagpur District,Kalameshwar,2021,0
Nagpur District,Kalameshwar,2022,0
Nagpur District,Kalameshwar,2023,1
Nagpur District,Kalameshwar,2024,0
Nagpur District,Kamthi,2010,0
Nagpur District,Kamthi,2011,1
Nagpur District,Kamthi,2012,1
Nagpur District,Kamthi,2013,2
Nagpur District,Kamthi,2014,1
Nagpur District,Kamthi,2015,1
Nagpur District,Kamthi,2016,2
Nagpur District,Kamthi,2017,1
Nagpur District,Kamthi,2018,1
Nagpur District,Kamthi,2019,1
Nagpur District,Kamthi,2020,1
Nagpur District,Kamthi,2021,1
Nagpur District,Kamthi,2022,1
Nagpur District,Kamthi,2023,1
Nagpur District,Kamthi,2024,1
Nagpur District,Katol,2010,0
Nagpur District,Katol,2011,0
Nagpur District,Katol,2012,2
Nagpur District,Katol,2013,2
Nagpur District,Katol,2014,2
Nagpur District,Katol,2015,0
Nagpur District,Katol,2016,0
Nagpur District,Katol,2017,2
Nagpur District,Katol,2018,2
Nagpur District,Katol,2019,2
Nagpur District,Katol,2020,0
Nagpur District,Katol,2021,1
Nagpur District,Katol,2022,1
Nagpur District,Katol,2023,1
Nagpur District,Katol,2024,1
Nagpur District,Kuhi,2010,2
Nagpur District,Kuhi,2011,2
Nagpur District,Kuhi,2012,2
Nagpur District,Kuhi,2013,1
Nagpur District,Kuhi,2014,0
Nagpur District,Kuhi,2015,1
Nagpur District,Kuhi,2016,2
Nagpur District,Kuhi,2017,2
Nagpur District,Kuhi,2018,0
Nagpur District,Kuhi,2019,1
Nagpur District,Kuhi,2020,1
Nagpur District,Kuhi,2021,1
Nagpur District,Kuhi,2022,1
Nagpur District,Kuhi,2023,1
Nagpur District,Kuhi,2024,0
Nagpur District,Mauda,2010,1
Nagpur District,Mauda,2011,1
Nagpur District,Mauda,2012,1
Nagpur District,Mauda,2013,2
Nagpur District,Mauda,2014,2
Nagpur District,Mauda,2015,2
Nagpur District,Mauda,2016,2
Nagpur District,Mauda,2017,1
Nagpur District,Mauda,2018,0
Nagpur District,Mauda,2019,0
Nagpur District,Mauda,2020,1
Nagpur District,Mauda,2021,1
Nagpur District,Mauda,2022,1
Nagpur District,Mauda,2023,0
Nagpur District,Mauda,2024,1
Nagpur District,Nagpur,2010,1
Nagpur District,Nagpur,2011,2
Nagpur District,Nagpur,2012,1
Nagpur District,Nagpur,2013,2
Nagpur District,Nagpur,2014,1
Nagpur District,Nagpur,2015,2
Nagpur District,Nagpur,2016,2
Nagpur District,Nagpur,2017,1
Nagpur District,Nagpur,2018,1
Nagpur District,Nagpur,2019,1
Nagpur District,Nagpur,2020,1
Nagpur District,Nagpur,2021,1
Nagpur District,Nagpur,2022,1
Nagpur District,Nagpur,2023,1
Nagpur District,Nagpur,2024,1
Nagpur District,Parseoni,2010,0
Nagpur District,Parseoni,2011,2
Nagpur District,Parseoni,2012,2
Nagpur District,Parseoni,2013,1
Nagpur District,Parseoni,2014,0
Nagpur District,Parseoni,2015,0
Nagpur District,Parseoni,2016,0
Nagpur District,Parseoni,2017,2
Nagpur District,Parseoni,2018,0
Nagpur District,Parseoni,2019,0
Nagpur District,Parseoni,2020,0
Nagpur District,Parseoni,2021,0
Nagpur District,Parseoni,2022,0
Nagpur District,Parseoni,2023,0
Nagpur District,Parseoni,2024,0
Nagpur District,Ramtek,2010,2
Nagpur District,Ramtek,2011,2
Nagpur District,Ramtek,2012,2
Nagpur District,Ramtek,2013,2
Nagpur District,Ramtek,2014,2
Nagpur District,Ramtek,2015,2
Nagpur District,Ramtek,2016,2
Nagpur District,Ramtek,2017,2
Nagpur District,Ramtek,2018,0
Nagpur District,Ramtek,2019,2
Nagpur District,Ramtek,2020,2
Nagpur District,Ramtek,2021,2
Nagpur District,Ramtek,2022,2
Nagpur District,Ramtek,2023,1
Nandurbar District,Akkalkuwa,2010,2
Nandurbar District,Akkalkuwa,2011,2
Nandurbar District,Akkalkuwa,2012,2
Nandurbar District,Akkalkuwa,2013,0
Nandurbar District,Akkalkuwa,2014,0
Nandurbar District,Akkalkuwa,2015,0
Nandurbar District,Akkalkuwa,2016,2
Nandurbar District,Akkalkuwa,2017,0
Nandurbar District,Akkalkuwa,2018,0
Nandurbar District,Akkalkuwa,2019,0
Nandurbar District,Akkalkuwa,2020,1
Nandurbar District,Akkalkuwa,2021,0
Nandurbar District,Akkalkuwa,2022,2
Nandurbar District,Akkalkuwa,2023,0
Nandurbar District,Akkalkuwa,2024,0
Nandurbar District,Akrani,2011,2
Nandurbar District,Akrani,2012,2
Nandurbar District,Akrani,2013,2
Nandurbar District,Akrani,2014,2
Nandurbar District,Akrani,2015,2
Nandurbar District,Akrani,2016,2
Nandurbar District,Akrani,2017,1
Nandurbar District,Akrani,2018,2
Nandurbar District,Akrani,2019,2
Nandurbar District,Akrani,2020,2
Nandurbar District,Akrani,2021,2
Nandurbar District,Akrani,2022,2
Nandurbar District,Akrani,2023,2
Nandurbar District,Akrani,2024,2
Nandurbar District,Navapur,2013,2
Nandurbar District,Navapur,2015,2
Nandurbar District,Navapur,2016,2
Nandurbar District,Navapur,2017,1
Nandurbar District,Navapur,2018,1
Nandurbar District,Navapur,2019,2
Nandurbar District,Navapur,2020,2
Nandurbar District,Navapur,2023,1
Nandurbar District,Navapur,2024,1
Nandurbar District,Shahada,2010,2
Nandurbar District,Shahada,2011,2
Nandurbar District,Shahada,2012,0
Nandurbar District,Shahada,2013,0
Nandurbar District,Shahada,2014,0
Nandurbar District,Shahada,2015,0
Nandurbar District,Shahada,2016,1
Nandurbar District,Shahada,2017,1
Nandurbar District,Shahada,2018,1
Nandurbar District,Shahada,2019,0
Nandurbar District,Shahada,2020,0
Nandurbar District,Shahada,2021,0
Nandurbar District,Shahada,2022,1
Nandurbar District,Shahada,2023,1
Nandurbar District,Shahada,2024,1
Nandurbar District,Taloda,2010,0
Nandurbar District,Taloda,2011,0
Nandurbar District,Taloda,2012,0
Nandurbar District,Taloda,2013,0
Nandurbar District,Taloda,2014,0
Nandurbar District,Taloda,2015,0
Nandurbar District,Taloda,2016,1
Nandurbar District,Taloda,2017,0
Nandurbar District,Taloda,2018,0
Nandurbar District,Taloda,2019,0
Nandurbar District,Taloda,2020,1
Nandurbar District,Taloda,2021,0
Nandurbar District,Taloda,2022,0
Nandurbar District,Taloda,2023,0
Nandurbar District,Taloda,2024,0
Nashik District,Baglan,2010,2
Nashik District,Baglan,2011,2
Nashik District,Baglan,2012,2
Nashik District,Baglan,2013,2
Nashik District,Baglan,2014,1
Nashik District,Baglan,2015,1
Nashik District,Baglan,2016,1
Nashik District,Baglan,2017,2
Nashik District,Baglan,2018,1
Nashik District,Baglan,2019,2
Nashik District,Baglan,2020,1
Nashik District,Baglan,2021,1
Nashik District,Baglan,2022,1
Nashik District,Baglan,2023,1
Nashik District,Baglan,2024,1
Nashik District,Chandwad,2010,2
Nashik District,Chandwad,2011,1
Nashik District,Chandwad,2012,2
Nashik District,Chandwad,2013,2
Nashik District,Chandwad,2014,2
Nashik District,Chandwad,2015,2
Nashik District,Chandwad,2016,1
Nashik District,Chandwad,2017,2
Nashik District,Chandwad,2018,1
Nashik District,Chandwad,2019,2
Nashik District,Chandwad,2020,2
Nashik District,Chandwad,2021,2
Nashik District,Chandwad,2022,2
Nashik District,Chandwad,2023,2
Nashik District,Chandwad,2024,1
Nashik District,Deola,2010,2
Nashik District,Deola,2011,2
Nashik District,Deola,2012,2
Nashik District,Deola,2013,2
Nashik District,Deola,2014,2
Nashik District,Deola,2015,2
Nashik District,Deola,2016,1
Nashik District,Deola,2017,1
Nashik District,Deola,2018,1
Nashik District,Deola,2019,1
Nashik District,Deola,2020,1
Nashik District,Deola,2021,1
Nashik District,Deola,2022,1
Nashik District,Deola,2023,1
Nashik District,Deola,2024,1
Nashik District,Dindori,2010,0
Nashik District,Dindori,2011,0
Nashik District,Dindori,2012,1
Nashik District,Dindori,2013,0
Nashik District,Dindori,2014,1
Nashik District,Dindori,2015,0
Nashik District,Dindori,2016,1
Nashik District,Dindori,2017,1
Nashik District,Dindori,2018,0
Nashik District,Dindori,2019,1
Nashik District,Dindori,2020,1
Nashik District,Dindori,2021,1
Nashik District,Dindori,2022,0
Nashik District,Dindori,2023,1
Nashik District,Dindori,2024,1
Nashik District,Igatpuri,2010,2
Nashik District,Igatpuri,2011,2
Nashik District,Igatpuri,2012,2
Nashik District,Igatpuri,2013,2
Nashik District,Igatpuri,2014,2
Nashik District,Igatpuri,2015,2
Nashik District,Igatpuri,2016,2
Nashik District,Igatpuri,2017,2
Nashik District,Igatpuri,2018,1
Nashik District,Igatpuri,2019,1
Nashik District,Igatpuri,2020,1
Nashik District,Igatpuri,2021,2
Nashik District,Igatpuri,2022,1
Nashik District,Igatpuri,2023,2
Nashik District,Igatpuri,2024,1
Nashik District,Kalwan,2010,2
Nashik District,Kalwan,2011,2
Nashik District,Kalwan,2012,2
Nashik District,Kalwan,2013,1
Nashik District,Kalwan,2014,1
Nashik District,Kalwan,2015,1
Nashik District,Kalwan,2016,0
Nashik District,Kalwan,2017,1
Nashik District,Kalwan,2018,1
Nashik District,Kalwan,2019,1
Nashik District,Kalwan,2020,1
Nashik District,Kalwan,2021,0
Nashik District,Kalwan,2022,1
Nashik District,Kalwan,2023,1
Nashik District,Kalwan,2024,1
Nashik District,Nandgaon,2010,2
Nashik District,Nandgaon,2011,2
Nashik District,Nandgaon,2012,2
Nashik District,Nandgaon,2013,2
Nashik District,Nandgaon,2014,2
Nashik District,Nandgaon,2015,2
Nashik District,Nandgaon,2016,1
Nashik District,Nandgaon,2017,2
Nashik District,Nandgaon,2018,2
Nashik District,Nandgaon,2019,2
Nashik District,Nandgaon,2020,0
Nashik District,Nandgaon,2021,0
Nashik District,Nandgaon,2022,2
Nashik District,Nandgaon,2023,2
Nashik District,Nandgaon,2024,2
Nashik District,Nashik,2010,2
Nashik District,Nashik,2011,2
Nashik District,Nashik,2012,0
Nashik District,Nashik,2013,2
Nashik District,Nashik,2014,1
Nashik District,Nashik,2015,1
Nashik District,Nashik,2016,1
Nashik District,Nashik,2017,1
Nashik District,Nashik,2018,1
Nashik District,Nashik,2019,1
Nashik District,Nashik,2020,1
Nashik District,Nashik,2021,1
Nashik District,Nashik,2022,1
Nashik District,Nashik,2023,1
Nashik District,Nashik,2024,1
Nashik District,Peth,2010,2
Nashik District,Peth,2011,2
Nashik District,Peth,2012,2
Nashik District,Peth,2013,2
Nashik District,Peth,2014,2
Nashik District,Peth,2015,2
Nashik District,Peth,2016,2
Nashik District,Peth,2017,2
Nashik District,Peth,2018,1
Nashik District,Peth,2019,1
Nashik District,Peth,2020,2
Nashik District,Peth,2021,2
Nashik District,Peth,2022,2
Nashik District,Peth,2023,2
Nashik District,Peth,2024,2
Nashik District,Sinner,2010,2
Nashik District,Sinner,2012,2
Nashik District,Sinner,2013,2
Nashik District,Sinner,2014,2
Nashik District,Sinner,2015,2
Nashik District,Sinner,2016,2
Nashik District,Sinner,2017,2
Nashik District,Sinner,2018,2
Nashik District,Sinner,2019,2
Nashik District,Sinner,2020,1
Nashik District,Sinner,2021,1
Nashik District,Sinner,2022,1
Nashik District,Sinner,2023,1
Nashik District,Sinner,2024,1
Pune District,Ambegoan,2010,0
Pune District,Ambegoan,2011,1
Pune District,Ambegoan,2012,2
Pune District,Ambegoan,2013,2
Pune District,Ambegoan,2014,1
Pune District,Ambegoan,2015,1
Pune District,Ambegoan,2016,2
Pune District,Ambegoan,2017,1
Pune District,Ambegoan,2018,1
Pune District,Ambegoan,2019,1
Pune District,Ambegoan,2020,1
Pune District,Ambegoan,2021,1
Pune District,Ambegoan,2022,1
Pune District,Ambegoan,2023,1
Pune District,Ambegoan,2024,1
Pune District,Baramati,2010,1
Pune District,Baramati,2011,1
Pune District,Baramati,2012,2
Pune District,Baramati,2013,2
Pune District,Baramati,2014,2
Pune District,Baramati,2015,2
Pune District,Baramati,2016,2
Pune District,Baramati,2017,2
Pune District,Baramati,2018,2
Pune District,Baramati,2019,2
Pune District,Baramati,2020,2
Pune District,Baramati,2021,1
Pune District,Baramati,2022,1
Pune District,Baramati,2023,1
Pune District,Baramati,2024,2
Pune District,Bhor,2010,0
Pune District,Bhor,2011,0
Pune District,Bhor,2012,0
Pune District,Bhor,2013,1
Pune District,Bhor,2014,2
Pune District,Bhor,2015,1
Pune District,Bhor,2016,1
Pune District,Bhor,2017,1
Pune District,Bhor,2018,0
Pune District,Bhor,2019,2
Pune District,Bhor,2020,1
Pune District,Bhor,2021,1
Pune District,Bhor,2022,0
Pune District,Bhor,2023,1
Pune District,Bhor,2024,1
Pune District,Haveli,2017,1
Pune District,Haveli,2018,2
Pune District,Haveli,2019,1
Pune District,Haveli,2020,1
Pune District,Haveli,2021,1
Pune District,Haveli,2022,1
Pune District,Haveli,2023,1
Pune District,Haveli,2024,1
Pune District,Indapur,2010,2
Pune District,Indapur,2011,2
Pune District,Indapur,2012,2
Pune District,Indapur,2013,2
Pune District,Indapur,2014,2
Pune District,Indapur,2015,0
Pune District,Indapur,2016,1
Pune District,Indapur,2017,2
Pune District,Indapur,2018,1
Pune District,Indapur,2019,1
Pune District,Indapur,2020,1
Pune District,Indapur,2021,1
Pune District,Indapur,2022,1
Pune District,Indapur,2023,0
Pune District,Indapur,2024,1
Pune District,Junnar,2010,0
Pune District,Junnar,2011,0
Pune District,Junnar,2012,0
Pune District,Junnar,2013,2
Pune District,Junnar,2014,0
Pune District,Junnar,2015,1
Pune District,Junnar,2016,0
Pune District,Junnar,2017,2
Pune District,Junnar,2018,2
Pune District,Junnar,2019,1
Pune District,Junnar,2020,1
Pune District,Junnar,2021,1
Pune District,Junnar,2022,1
Pune District,Junnar,2023,1
Pune District,Junnar,2024,1
Pune District,Maval,2010,0
Pune District,Maval,2011,0
Pune District,Maval,2012,0
Pune District,Maval,2013,0
Pune District,Maval,2014,0
Pune District,Maval,2015,2
Pune District,Maval,2016,2
Pune District,Maval,2017,1
Pune District,Maval,2018,2
Pune District,Maval,2019,1
Pune District,Maval,2020,1
Pune District,Maval,2021,1
Pune District,Maval,2022,1
Pune District,Maval,2023,1
Pune District,Maval,2024,2
Pune District,Punecity,2011,1
Pune District,Punecity,2012,1
Pune District,Punecity,2013,1
Pune District,Punecity,2014,1
Pune District,Punecity,2015,1
Pune District,Punecity,2016,2
Pune District,Punecity,2017,1
Pune District,Punecity,2018,1
Pune District,Punecity,2019,1
Pune District,Punecity,2020,1
Pune District,Punecity,2021,1
Pune District,Punecity,2022,1
Pune District,Punecity,2023,1
Pune District,Punecity,2024,1
Pune District,Punecity,2010,1
Pune District,Purandar,2011,1
Pune District,Purandar,2013,2
Pune District,Purandar,2014,1
Pune District,Purandar,2015,1
Pune District,Purandar,2016,1
Pune District,Purandar,2017,0
Pune District,Purandar,2018,1
Pune District,Purandar,2019,1
Pune District,Purandar,2020,1
Pune District,Purandar,2021,1
Pune District,Purandar,2022,1
Pune District,Purandar,2023,1
Pune District,Purandar,2024,1
Pune District,Shirur,2010,2
Pune District,Shirur,2011,2
Pune District,Shirur,2012,0
Pune District,Shirur,2013,0
Pune District,Shirur,2014,2
Pune District,Shirur,2015,2
Pune District,Shirur,2016,2
Pune District,Shirur,2017,2
Pune District,Shirur,2018,1
Pune District,Shirur,2019,1
Pune District,Shirur,2020,1
Pune District,Shirur,2021,1
Pune District,Shirur,2022,1
Pune District,Shirur,2023,1
Pune District,Shirur,2024,1
Pune District,Velhe,2017,1
Pune District,Velhe,2018,1
Pune District,Velhe,2019,1
Pune District,Velhe,2020,1
Pune District,Velhe,2021,1
Pune District,Velhe,2022,1
Pune District,Velhe,2023,2
Pune District,Velhe,2024,2
Raigad District,Alibag,2010,0
Raigad District,Alibag,2011,0
Raigad District,Alibag,2012,0
Raigad District,Alibag,2013,1
Raigad District,Alibag,2014,1
Raigad District,Alibag,2015,0
Raigad District,Alibag,2016,1
Raigad District,Alibag,2017,0
Raigad District,Alibag,2018,1
Raigad District,Alibag,2019,0
Raigad District,Alibag,2020,1
Raigad District,Alibag,2021,0
Raigad District,Alibag,2022,0
Raigad District,Alibag,2023,0
Raigad District,Alibag,2024,0
Raigad District,Khalapur,2010,2
Raigad District,Khalapur,2011,2
Raigad District,Khalapur,2012,0
Raigad District,Khalapur,2013,2
Raigad District,Khalapur,2014,2
Raigad District,Khalapur,2015,2
Raigad District,Khalapur,2016,2
Raigad District,Khalapur,2017,2
Raigad District,Khalapur,2018,1
Raigad District,Khalapur,2019,1
Raigad District,Khalapur,2020,1
Raigad District,Khalapur,2021,1
Raigad District,Khalapur,2022,1
Raigad District,Khalapur,2023,1
Raigad District,Khalapur,2024,1
Raigad District,Panvel,2010,0
Raigad District,Panvel,2011,1
Raigad District,Panvel,2012,1
Raigad District,Panvel,2013,0
Raigad District,Panvel,2014,2
Raigad District,Panvel,2015,1
Raigad District,Panvel,2016,1
Raigad District,Panvel,2017,1
Raigad District,Panvel,2018,1
Raigad District,Panvel,2019,1
Raigad District,Panvel,2020,1
Raigad District,Panvel,2021,1
Raigad District,Panvel,2022,1
Raigad District,Panvel,2023,1
Raigad District,Panvel,2024,1
Raigad District,Pen,2010,0
Raigad District,Pen,2011,1
Raigad District,Pen,2012,0
Raigad District,Pen,2013,0
Raigad District,Pen,2014,1
Raigad District,Pen,2015,1
Raigad District,Pen,2016,1
Raigad District,Pen,2017,1
Raigad District,Pen,2018,1
Raigad District,Pen,2019,1
Raigad District,Pen,2020,1
Raigad District,Pen,2021,0
Raigad District,Pen,2022,1
Raigad District,Pen,2023,1
Raigad District,Pen,2024,1
Raigad District,Roha,2010,0
Raigad District,Roha,2011,0
Raigad District,Roha,2012,0
Raigad District,Roha,2013,0
Raigad District,Roha,2014,1
Raigad District,Roha,2015,1
Raigad District,Roha,2016,2
Raigad District,Roha,2017,1
Raigad District,Roha,2018,2
Raigad District,Roha,2019,1
Raigad District,Roha,2020,1
Raigad District,Roha,2021,0
Raigad District,Roha,2022,1
Raigad District,Roha,2023,0
Raigad District,Roha,2024,0
Raigad District,Shrivardhan,2010,0
Raigad District,Shrivardhan,2011,0
Raigad District,Shrivardhan,2012,0
Raigad District,Shrivardhan,2013,0
Raigad District,Shrivardhan,2014,2
Raigad District,Shrivardhan,2015,1
Raigad District,Shrivardhan,2016,0
Raigad District,Shrivardhan,2017,0
Raigad District,Shrivardhan,2018,0
Raigad District,Shrivardhan,2019,1
Raigad District,Shrivardhan,2020,1
Raigad District,Shrivardhan,2021,0
Raigad District,Shrivardhan,2022,0
Raigad District,Shrivardhan,2023,0
Raigad District,Shrivardhan,2024,0
Raigad District,Uran,2010,0
Raigad District,Uran,2011,0
Raigad District,Uran,2012,1
Raigad District,Uran,2013,0
Raigad District,Uran,2014,0
Raigad District,Uran,2015,0
Raigad District,Uran,2016,0
Raigad District,Uran,2017,1
Raigad District,Uran,2018,0
Raigad District,Uran,2019,0
Raigad District,Uran,2020,0
Raigad District,Uran,2021,0
Raigad District,Uran,2022,0
Raigad District,Uran,2023,0
Raigad District,Uran,2024,0
Sangli District,Kavathemahankal,2010,2
Sangli District,Kavathemahankal,2011,2
Sangli District,Kavathemahankal,2012,2
Sangli District,Kavathemahankal,2013,2
Sangli District,Kavathemahankal,2014,2
Sangli District,Kavathemahankal,2015,2
Sangli District,Kavathemahankal,2016,2
Sangli District,Kavathemahankal,2017,2
Sangli District,Kavathemahankal,2018,2
Sangli District,Kavathemahankal,2019,2
Sangli District,Kavathemahankal,2020,0
Sangli District,Kavathemahankal,2021,0
Sangli District,Kavathemahankal,2022,0
Sangli District,Kavathemahankal,2023,0
Sangli District,Kavathemahankal,2024,2
Sangli District,Kolhapur,2010,0
Sangli District,Kolhapur,2011,2
Sangli District,Kolhapur,2012,2
Sangli District,Kolhapur,2013,2
Sangli District,Kolhapur,2014,2
Sangli District,Kolhapur,2015,2
Sangli District,Kolhapur,2016,2
Sangli District,Kolhapur,2017,2
Sangli District,Kolhapur,2018,2
Sangli District,Kolhapur,2019,2
Sangli District,Kolhapur,2020,0
Sangli District,Kolhapur,2021,0
Sangli District,Kolhapur,2022,0
Sangli District,Kolhapur,2023,2
Sangli District,Kolhapur,2024,2
Sangli District,Miraj,2010,0
Sangli District,Miraj,2011,2
Sangli District,Miraj,2012,2
Sangli District,Miraj,2013,0
Sangli District,Miraj,2014,1
Sangli District,Miraj,2015,1
Sangli District,Miraj,2016,1
Sangli District,Miraj,2017,0
Sangli District,Miraj,2018,1
Sangli District,Miraj,2019,1
Sangli District,Miraj,2020,1
Sangli District,Miraj,2021,1
Sangli District,Miraj,2022,1
Sangli District,Miraj,2023,1
Sangli District,Miraj,2024,1
Sangli District,Sangli,2010,0
Sangli District,Sangli,2011,2
Sangli District,Sangli,2012,2
Sangli District,Sangli,2013,2
Sangli District,Sangli,2014,2
Sangli District,Sangli,2015,2
Sangli District,Sangli,2016,1
Sangli District,Sangli,2017,2
Sangli District,Sangli,2018,1
Sangli District,Sangli,2019,1
Sangli District,Sangli,2020,1
Sangli District,Sangli,2021,1
Sangli District,Sangli,2022,1
Sangli District,Sangli,2023,1
Sangli District,Sangli,2024,1
Sangli District,Shirala,2010,0
Sangli District,Shirala,2011,2
Sangli District,Shirala,2012,1
Sangli District,Shirala,2013,1
Sangli District,Shirala,2014,1
Sangli District,Shirala,2015,1
Sangli District,Shirala,2016,1
Sangli District,Shirala,2017,2
Sangli District,Shirala,2018,1
Sangli District,Shirala,2019,1
Sangli District,Shirala,2020,1
Sangli District,Shirala,2021,0
Sangli District,Shirala,2022,1
Sangli District,Shirala,2023,1
Sangli District,Shirala,2024,0
Sangli District,Walwa,2010,0
Sangli District,Walwa,2011,0
Sangli District,Walwa,2012,0
Sangli District,Walwa,2013,0
Sangli District,Walwa,2014,1
Sangli District,Walwa,2015,0
Sangli District,Walwa,2016,0
Sangli District,Walwa,2017,1
Sangli District,Walwa,2018,0
Sangli District,Walwa,2019,1
Sangli District,Walwa,2020,0
Sangli District,Walwa,2021,0
Sangli District,Walwa,2022,0
Sangli District,Walwa,2023,0
Sangli District,Walwa,2024,0
Satara District,Khandala,2010,0
Satara District,Khandala,2011,0
Satara District,Khandala,2012,2
Satara District,Khandala,2013,2
Satara District,Khandala,2014,2
Satara District,Khandala,2015,2
Satara District,Khandala,2016,2
Satara District,Khandala,2017,2
Satara District,Khandala,2018,0
Satara District,Khandala,2019,1
Satara District,Khandala,2020,0
Satara District,Khandala,2021,1
Satara District,Khandala,2022,1
Satara District,Khandala,2023,1
Satara District,Khandala,2024,1
Satara District,Khatav,2010,2
Satara District,Khatav,2011,2
Satara District,Khatav,2012,2
Satara District,Khatav,2013,2
Satara District,Khatav,2014,0
Satara District,Khatav,2015,0
Satara District,Khatav,2016,0
Satara District,Khatav,2017,2
Satara District,Khatav,2018,1
Satara District,Khatav,2019,2
Satara District,Khatav,2020,2
Satara District,Khatav,2021,1
Satara District,Khatav,2022,1
Satara District,Khatav,2023,1
Satara District,Khatav,2024,1
Satara District,Koregoan,2010,0
Satara District,Koregoan,2011,1
Satara District,Koregoan,2012,0
Satara District,Koregoan,2013,0
Satara District,Koregoan,2014,0
Satara District,Koregoan,2015,0
Satara District,Koregoan,2016,1
Satara District,Koregoan,2017,0
Satara District,Koregoan,2018,1
Satara District,Koregoan,2019,1
Satara District,Koregoan,2020,1
Satara District,Koregoan,2021,1
Satara District,Koregoan,2022,1
Satara District,Koregoan,2023,1
Satara District,Koregoan,2024,1
Satara District,Mahabaleshwar,2010,0
Satara District,Mahabaleshwar,2011,0
Satara District,Mahabaleshwar,2012,1
Satara District,Mahabaleshwar,2013,0
Satara District,Mahabaleshwar,2014,0
Satara District,Mahabaleshwar,2015,0
Satara District,Mahabaleshwar,2016,1
Satara District,Mahabaleshwar,2017,0
Satara District,Mahabaleshwar,2018,0
Satara District,Mahabaleshwar,2019,0
Satara District,Mahabaleshwar,2020,0
Satara District,Mahabaleshwar,2021,0
Satara District,Mahabaleshwar,2022,0
Satara District,Mahabaleshwar,2023,0
Satara District,Mahabaleshwar,2024,0
Satara District,Man,2010,0
Satara District,Man,2011,0
Satara District,Man,2012,2
Satara District,Man,2013,2
Satara District,Man,2014,2
Satara District,Man,2015,2
Satara District,Man,2016,2
Satara District,Man,2017,2
Satara District,Man,2018,2
Satara District,Man,2019,2
Satara District,Man,2020,2
Satara District,Man,2021,2
Satara District,Man,2022,1
Satara District,Man,2023,1
Satara District,Man,2024,1
Satara District,Patan,2010,2
Satara District,Patan,2011,2
Satara District,Patan,2012,2
Satara District,Patan,2013,1
Satara District,Patan,2014,2
Satara District,Patan,2015,2
Satara District,Patan,2016,2
Satara District,Patan,2017,1
Satara District,Patan,2018,0
Satara District,Patan,2019,1
Satara District,Patan,2020,0
Satara District,Patan,2021,1
Satara District,Patan,2022,1
Satara District,Patan,2023,1
Satara District,Patan,2024,0
Satara District,Phaltan,2010,0
Satara District,Phaltan,2011,0
Satara District,Phaltan,2012,0
Satara District,Phaltan,2013,2
Satara District,Phaltan,2014,0
Satara District,Phaltan,2015,0
Satara District,Phaltan,2016,1
Satara District,Phaltan,2017,1
Satara District,Phaltan,2018,1
Satara District,Phaltan,2019,1
Satara District,Phaltan,2020,1
Satara District,Phaltan,2021,1
Satara District,Phaltan,2022,1
Satara District,Phaltan,2023,1
Satara District,Phaltan,2024,1
Satara District,Satara,2010,2
Satara District,Satara,2011,2
Satara District,Satara,2012,2
Satara District,Satara,2013,2
Satara District,Satara,2014,2
Satara District,Satara,2015,2
Satara District,Satara,2016,1
Satara District,Satara,2017,2
Satara District,Satara,2018,1
Satara District,Satara,2019,1
Satara District,Satara,2020,1
Satara District,Satara,2021,1
Satara District,Satara,2022,1
Satara District,Satara,2023,1
Satara District,Satara,2024,1
Satara District,Wai,2010,0
Satara District,Wai,2011,0
Satara District,Wai,2012,0
Satara District,Wai,2013,1
Satara District,Wai,2014,0
Satara District,Wai,2015,1
Satara District,Wai,2016,1
Satara District,Wai,2017,1
Satara District,Wai,2018,0
Satara District,Wai,2019,1
Satara District,Wai,2020,0
Satara District,Wai,2021,0
Satara District,Wai,2022,0
Satara District,Wai,2023,1
Satara District,Wai,2024,1
Solapur District,Malshiras,2010,0
Solapur District,Malshiras,2011,0
Solapur District,Malshiras,2012,1
Solapur District,Malshiras,2013,1
Solapur District,Malshiras,2014,0
Solapur District,Malshiras,2015,0
Solapur District,Malshiras,2016,0
Solapur District,Malshiras,2017,1
Solapur District,Malshiras,2018,1
Solapur District,Malshiras,2019,1
Solapur District,Malshiras,2020,1
Solapur District,Malshiras,2021,1
Solapur District,Malshiras,2022,1
Solapur District,Malshiras,2023,1
Solapur District,Malshiras,2024,0
Solapur District,Mangalwedha,2010,1
Solapur District,Mangalwedha,2011,1
Solapur District,Mangalwedha,2012,2
Solapur District,Mangalwedha,2013,2
Solapur District,Mangalwedha,2014,1
Solapur District,Mangalwedha,2015,1
Solapur District,Mangalwedha,2016,1
Solapur District,Mangalwedha,2017,1
Solapur District,Mangalwedha,2018,1
Solapur District,Mangalwedha,2019,1
Solapur District,Mangalwedha,2020,1
Solapur District,Mangalwedha,2021,1
Solapur District,Mangalwedha,2022,1
Solapur District,Mangalwedha,2023,0
Solapur District,Mangalwedha,2024,0
Solapur District,Mohol,2010,2
Solapur District,Mohol,2011,2
Solapur District,Mohol,2012,1
Solapur District,Mohol,2013,1
Solapur District,Mohol,2014,1
Solapur District,Mohol,2015,1
Solapur District,Mohol,2016,1
Solapur District,Mohol,2017,1
Solapur District,Mohol,2018,2
Solapur District,Mohol,2019,1
Solapur District,Mohol,2020,1
Solapur District,Mohol,2021,2
Solapur District,Mohol,2022,2
Solapur District,Mohol,2023,0
Solapur District,Mohol,2024,0
Solapur District,Pandharpur,2010,0
Solapur District,Pandharpur,2011,0
Solapur District,Pandharpur,2012,0
Solapur District,Pandharpur,2013,0
Solapur District,Pandharpur,2014,0
Solapur District,Pandharpur,2015,0
Solapur District,Pandharpur,2016,1
Solapur District,Pandharpur,2017,1
Solapur District,Pandharpur,2018,1
Solapur District,Pandharpur,2019,1
Solapur District,Pandharpur,2020,1
Solapur District,Pandharpur,2021,1
Solapur District,Pandharpur,2022,1
Solapur District,Pandharpur,2023,1
Solapur District,Pandharpur,2024,1
Solapur District,SolapurNorth,2010,2
Solapur District,SolapurNorth,2011,2
Solapur District,SolapurNorth,2012,2
Solapur District,SolapurNorth,2013,2
Solapur District,SolapurNorth,2014,2
Solapur District,SolapurNorth,2015,2
Solapur District,SolapurNorth,2016,1
Solapur District,SolapurNorth,2017,2
Solapur District,SolapurNorth,2018,2
Solapur District,SolapurNorth,2019,0
Solapur District,SolapurNorth,2020,1
Solapur District,SolapurNorth,2021,1
Solapur District,SolapurNorth,2022,2
Solapur District,SolapurNorth,2023,2
Solapur District,SolapurNorth,2024,2
Thane District,Ambernath,2010,2
Thane District,Ambernath,2011,2
Thane District,Ambernath,2012,2
Thane District,Ambernath,2013,2
Thane District,Ambernath,2014,1
Thane District,Ambernath,2015,2
Thane District,Ambernath,2016,2
Thane District,Ambernath,2017,2
Thane District,Ambernath,2018,2
Thane District,Ambernath,2019,1
Thane District,Ambernath,2020,1
Thane District,Ambernath,2021,1
Thane District,Ambernath,2022,1
Thane District,Ambernath,2023,1
Thane District,Ambernath,2024,1
Thane District,Bhiwandi,2010,0
Thane District,Bhiwandi,2011,2
Thane District,Bhiwandi,2012,2
Thane District,Bhiwandi,2013,2
Thane District,Bhiwandi,2014,2
Thane District,Bhiwandi,2015,2
Thane District,Bhiwandi,2016,2
Thane District,Bhiwandi,2017,2
Thane District,Bhiwandi,2018,1
Thane District,Bhiwandi,2019,1
Thane District,Bhiwandi,2020,1
Thane District,Bhiwandi,2021,1
Thane District,Bhiwandi,2022,1
Thane District,Bhiwandi,2023,1
Thane District,Bhiwandi,2024,1
Thane District,Kalyan,2010,0
Thane District,Kalyan,2011,2
Thane District,Kalyan,2012,0
Thane District,Kalyan,2013,1
Thane District,Kalyan,2014,1
Thane District,Kalyan,2015,2
Thane District,Kalyan,2016,2
Thane District,Kalyan,2017,2
Thane District,Kalyan,2018,1
Thane District,Kalyan,2019,1
Thane District,Kalyan,2020,1
Thane District,Kalyan,2021,1
Thane District,Kalyan,2022,1
Thane District,Kalyan,2023,1
Thane District,Kalyan,2024,1
Thane District,Murbad,2010,2
Thane District,Murbad,2011,2
Thane District,Murbad,2012,0
Thane District,Murbad,2013,2
Thane District,Murbad,2014,0
Thane District,Murbad,2015,2
Thane District,Murbad,2016,2
Thane District,Murbad,2017,1
Thane District,Murbad,2018,1
Thane District,Murbad,2019,0
Thane District,Murbad,2020,1
Thane District,Murbad,2021,1
Thane District,Murbad,2022,1
Thane District,Murbad,2023,1
Thane District,Murbad,2024,1
Washim District,Karanja,2010,0
Washim District,Karanja,2011,0
Washim District,Karanja,2012,2
Washim District,Karanja,2013,2
Washim District,Karanja,2014,2
Washim District,Karanja,2015,2
Washim District,Karanja,2016,2
Washim District,Karanja,2017,2
Washim District,Karanja,2018,2
Washim District,Karanja,2019,2
Washim District,Karanja,2020,2
Washim District,Karanja,2021,2
Washim District,Karanja,2022,1
Washim District,Karanja,2023,2
Washim District,Karanja,2024,1
Washim District,Mangrulpir,2010,2
Washim District,Mangrulpir,2011,2
Washim District,Mangrulpir,2012,2
Washim District,Mangrulpir,2013,2
Washim District,Mangrulpir,2014,2
Washim District,Mangrulpir,2015,0
Washim District,Mangrulpir,2016,2
Washim District,Mangrulpir,2017,2
Washim District,Mangrulpir,2018,0
Washim District,Mangrulpir,2019,2
Washim District,Mangrulpir,2020,1
Washim District,Mangrulpir,2021,1
Washim District,Mangrulpir,2022,1
Washim District,Mangrulpir,2023,2
Washim District,Mangrulpir,2024,2
Washim District,Manora,2010,0
Washim District,Manora,2011,0
Washim District,Manora,2012,2
Washim District,Manora,2013,1
Washim District,Manora,2014,2
Washim District,Manora,2015,2
Washim District,Manora,2016,1
Washim District,Manora,2017,1
Washim District,Manora,2018,1
Washim District,Manora,2019,1
Washim District,Manora,2020,0
Washim District,Manora,2023,0
Washim District,Manora,2024,0
Washim District,Manora,2010,0
Washim District,Manora,2011,2
Washim District,Manora,2012,2
Washim District,Manora,2013,2
Washim District,Manora,2014,2
Washim District,Manora,2015,1
Washim District,Manora,2016,1
Washim District,Manora,2017,2
Washim District,Manora,2018,2
Washim District,Manora,2019,2
Washim District,Manora,2020,2
Washim District,Manora,2021,2
Washim District,Manora,2022,1
Washim District,Manora,2023,1
Washim District,Manora,2024,2
Washim District,Risod,2010,2
Washim District,Risod,2011,1
Washim District,Risod,2012,1
Washim District,Risod,2013,1
Washim District,Risod,2014,2
Washim District,Risod,2015,2
Washim District,Risod,2016,2
Washim District,Risod,2017,2
Washim District,Risod,2018,1
Washim District,Risod,2019,1
Washim District,Risod,2020,2
Washim District,Risod,2021,2
Washim District,Risod,2022,2
Washim District,Risod,2023,1
Washim District,Risod,2024,1
Washim District,Washim,2010,1
Washim District,Washim,2011,1
Washim District,Washim,2012,2
Washim District,Washim,2013,2
Washim District,Washim,2014,2
Washim District,Washim,2015,2
Washim District,Washim,2016,1
Washim District,Washim,2017,2
Washim District,Washim,2018,2
Washim District,Washim,2019,2
Washim District,Washim,2020,2
Washim District,Washim,2021,2
Washim District,Washim,2022,2
Washim District,Washim,2023,1
Washim District,Washim,2024,2
Yavatmal District,Arni,2010,1
Yavatmal District,Arni,2011,1
Yavatmal District,Arni,2012,1
Yavatmal District,Arni,2013,2
Yavatmal District,Arni,2014,2
Yavatmal District,Arni,2015,2
Yavatmal District,Arni,2016,2
Yavatmal District,Arni,2017,2
Yavatmal District,Arni,2018,1
Yavatmal District,Arni,2019,1
Yavatmal District,Arni,2020,1
Yavatmal District,Arni,2021,2
Yavatmal District,Arni,2022,0
Yavatmal District,Arni,2023,2
Yavatmal District,Arni,2024,2
Yavatmal District,Babulgaon,2010,2
Yavatmal District,Babulgaon,2011,2
Yavatmal District,Babulgaon,2012,2
Yavatmal District,Babulgaon,2013,2
Yavatmal District,Babulgaon,2014,2
Yavatmal District,Babulgaon,2015,0
Yavatmal District,Babulgaon,2016,1
Yavatmal District,Babulgaon,2017,1
Yavatmal District,Babulgaon,2018,2
Yavatmal District,Babulgaon,2019,1
Yavatmal District,Babulgaon,2020,0
Yavatmal District,Babulgaon,2021,2
Yavatmal District,Babulgaon,2022,2
Yavatmal District,Babulgaon,2023,2
Yavatmal District,Babulgaon,2024,0
Yavatmal District,Darwha,2010,2
Yavatmal District,Darwha,2011,2
Yavatmal District,Darwha,2012,2
Yavatmal District,Darwha,2013,2
Yavatmal District,Darwha,2014,1
Yavatmal District,Darwha,2015,2
Yavatmal District,Darwha,2016,1
Yavatmal District,Darwha,2017,1
Yavatmal District,Darwha,2018,2
Yavatmal District,Darwha,2019,2
Yavatmal District,Darwha,2020,2
Yavatmal District,Darwha,2021,2
Yavatmal District,Darwha,2022,2
Yavatmal District,Darwha,2023,1
Yavatmal District,Darwha,2024,2
Yavatmal District,Digras,2010,2
Yavatmal District,Digras,2011,2
Yavatmal District,Digras,2012,1
Yavatmal District,Digras,2013,1
Yavatmal District,Digras,2014,1
Yavatmal District,Digras,2015,2
Yavatmal District,Digras,2016,0
Yavatmal District,Digras,2017,0
Yavatmal District,Digras,2018,0
Yavatmal District,Digras,2019,2
Yavatmal District,Digras,2020,1
Yavatmal District,Digras,2021,2
Yavatmal District,Digras,2022,0
Yavatmal District,Digras,2023,1
Yavatmal District,Digras,2024,1
Yavatmal District,Ghatanji,2010,2
Yavatmal District,Ghatanji,2011,2
Yavatmal District,Ghatanji,2012,2
Yavatmal District,Ghatanji,2013,2
Yavatmal District,Ghatanji,2014,2
Yavatmal District,Ghatanji,2015,0
Yavatmal District,Ghatanji,2016,2
Yavatmal District,Ghatanji,2017,2
Yavatmal District,Ghatanji,2018,2
Yavatmal District,Ghatanji,2019,2
Yavatmal District,Ghatanji,2020,0
Yavatmal District,Ghatanji,2021,2
Yavatmal District,Ghatanji,2022,0
Yavatmal District,Ghatanji,2023,2
Yavatmal District,Ghatanji,2024,0
Yavatmal District,Kalamb,2010,2
Yavatmal District,Kalamb,2011,2
Yavatmal District,Kalamb,2012,2
Yavatmal District,Kalamb,2013,2
Yavatmal District,Kalamb,2014,2
Yavatmal District,Kalamb,2015,2
Yavatmal District,Kalamb,2016,2
Yavatmal District,Kalamb,2017,2
Yavatmal District,Kalamb,2018,2
Yavatmal District,Kalamb,2019,0
Yavatmal District,Kalamb,2020,0
Yavatmal District,Kalamb,2021,2
Yavatmal District,Kalamb,2022,2
Yavatmal District,Kalamb,2023,0
Yavatmal District,Kalamb,2024,2
Yavatmal District,Kelapur,2010,2
Yavatmal District,Kelapur,2011,0
Yavatmal District,Kelapur,2012,2
Yavatmal District,Kelapur,2013,2
Yavatmal District,Kelapur,2014,0
Yavatmal District,Kelapur,2015,0
Yavatmal District,Kelapur,2016,0
Yavatmal District,Kelapur,2017,2
Yavatmal District,Kelapur,2018,2
Yavatmal District,Kelapur,2019,0
Yavatmal District,Kelapur,2020,0
Yavatmal District,Kelapur,2021,2
Yavatmal District,Kelapur,2022,2
Yavatmal District,Kelapur,2023,1
Yavatmal District,Kelapur,2024,1
Yavatmal District,Maregaon,2010,2
Yavatmal District,Maregaon,2011,2
Yavatmal District,Maregaon,2012,2
Yavatmal District,Maregaon,2013,2
Yavatmal District,Maregaon,2014,2
Yavatmal District,Maregaon,2015,2
Yavatmal District,Maregaon,2016,2
Yavatmal District,Maregaon,2017,0
Yavatmal District,Maregaon,2018,2
Yavatmal District,Maregaon,2019,0
Yavatmal District,Maregaon,2020,1
Yavatmal District,Maregaon,2021,0
Yavatmal District,Maregaon,2022,2
Yavatmal District,Maregaon,2023,0
Yavatmal District,Maregaon,2024,2
Yavatmal District,Ralegaon,2010,2
Yavatmal District,Ralegaon,2011,0
Yavatmal District,Ralegaon,2012,0
Yavatmal District,Ralegaon,2013,0
Yavatmal District,Ralegaon,2014,1
Yavatmal District,Ralegaon,2015,2
Yavatmal District,Ralegaon,2016,0
Yavatmal District,Ralegaon,2017,2
Yavatmal District,Ralegaon,2018,2
Yavatmal District,Ralegaon,2019,1
Yavatmal District,Ralegaon,2020,2
Yavatmal District,Ralegaon,2021,2
Yavatmal District,Ralegaon,2022,2
Yavatmal District,Ralegaon,2023,1
Yavatmal District,Ralegaon,2024,1
Yavatmal District,Umarkhed,2010,1
Yavatmal District,Umarkhed,2011,1
Yavatmal District,Umarkhed,2012,0
Yavatmal District,Umarkhed,2013,2
Yavatmal District,Umarkhed,2014,2
Yavatmal District,Umarkhed,2015,2
Yavatmal District,Umarkhed,2016,2
Yavatmal District,Umarkhed,2017,2
Yavatmal District,Umarkhed,2018,1
Yavatmal District,Umarkhed,2019,1
Yavatmal District,Umarkhed,2020,0
Yavatmal District,Umarkhed,2021,2
Yavatmal District,Umarkhed,2022,2
Yavatmal District,Umarkhed,2023,2
Yavatmal District,Umarkhed,2024,2
Yavatmal District,Wani,2010,0
Yavatmal District,Wani,2011,0
Yavatmal District,Wani,2012,0
Yavatmal District,Wani,2013,0
Yavatmal District,Wani,2014,0
Yavatmal District,Wani,2015,0
Yavatmal District,Wani,2016,1
Yavatmal District,Wani,2017,1
Yavatmal District,Wani,2018,1
Yavatmal District,Wani,2019,2
Yavatmal District,Wani,2020,1
Yavatmal District,Wani,2021,2
Yavatmal District,Wani,2022,1
Yavatmal District,Wani,2023,2
Yavatmal District,Wani,2024,2
Yavatmal District,Zari-Jamani,2010,0
Yavatmal District,Zari-Jamani,2011,0
Yavatmal District,Zari-Jamani,2012,2
Yavatmal District,Zari-Jamani,2013,2
Yavatmal District,Zari-Jamani,2014,0
Yavatmal District,Zari-Jamani,2015,0
Yavatmal District,Zari-Jamani,2016,1
Yavatmal District,Zari-Jamani,2017,2
Yavatmal District,Zari-Jamani,2018,2
Yavatmal District,Zari-Jamani,2019,1
Yavatmal District,Zari-Jamani,2020,1
Yavatmal District,Zari-Jamani,2021,1
Yavatmal District,Zari-Jamani,2022,2
Yavatmal District,Zari-Jamani,2023,1
Yavatmal District,Zari-Jamani,2024,1
